region,Year,average_total_load
p12,2022,32313.665
p12,2025,32299.1
p12,2027,32008.87
p12,2028,34587.2325
p12,2029,33401.369999999995
p12,2030,34562.10125
p12,2033,33397.21
p12,2038,34488.166666666664
p12,2047,32114.2
p12,2053,33940.654
p12,2056,31525.84
p12,2057,32914.42
p12,2062,32340.54
p12,2068,34643.33
p12,2069,33367.915
p12,2070,34628.36166666667
p12,2093,33409.01
p29,2025,3099.183333333333
p29,2029,3190.46
p29,2030,2677.1279999999997
p29,2048,3202.32
p29,2050,2583.59
p29,2051,3275.3450000000003
p29,2053,3237.7966666666666
p29,2065,2972.64
p29,2070,2667.375
p29,2091,3112.81
p31,2025,45952.45
p31,2030,48715.185
p31,2036,46902.51
p31,2051,47457.605
p31,2053,47189.38
p31,2065,45762.2
p31,2070,47475.22
p31,2091,49140.354999999996
p55,2021,41600.08
p55,2022,45453.645000000004
p55,2023,46264.97166666667
p55,2025,42145.54666666667
p55,2029,44671.985
p55,2033,40018.84
p55,2034,44028.55
p55,2036,41026.48333333334
p55,2037,43374.62
p55,2039,41554.5
p55,2040,43072.25
p55,2041,41154.14
p55,2051,40358.43
p55,2054,43080.67
p55,2062,43508.240000000005
p55,2063,44413.380000000005
p55,2065,44611.94
p55,2069,44976.23
p55,2076,40219.2
p55,2091,38095.48
p76,2022,34849.202000000005
p76,2023,30406.8
p76,2024,32977.55
p76,2025,32333.64333333333
p76,2034,38279.425
p76,2036,36033.92
p76,2049,32360.89
p76,2059,37573.26
p76,2062,38450.68
p76,2074,37448.865
p76,2076,36009.579999999994
Pennsylvania,2020,435186.74
Pennsylvania,2021,530927.26
Pennsylvania,2022,537959.8825000001
Pennsylvania,2023,495092.94
Pennsylvania,2024,516814.98000000004
Pennsylvania,2025,583937.91
Pennsylvania,2027,520875.04000000004
Pennsylvania,2029,496056.355
Pennsylvania,2033,484573.19
Pennsylvania,2034,536961.535
Pennsylvania,2036,514049.37
Pennsylvania,2045,521987.05
Pennsylvania,2054,536887.19
Pennsylvania,2055,499651.885
Pennsylvania,2056,512322.74
Pennsylvania,2058,515852.91
Pennsylvania,2059,539633.08
Pennsylvania,2061,516305.1
Pennsylvania,2062,539678.2433333333
Pennsylvania,2065,555742.6599999999
Pennsylvania,2074,527087.4099999999
p85,2021,108228.86
p85,2022,119049.4775
p85,2023,117886.17166666668
p85,2024,112659.17
p85,2025,118256.776
p85,2028,115376.98
p85,2029,123290.7075
p85,2034,118355.15
p85,2036,115387.93
p85,2037,114422.05
p85,2040,112316.14333333333
p85,2041,116352.34
p85,2044,108593.70999999999
p85,2050,111586.38
p85,2054,119328.0
p85,2055,103220.72
p85,2058,113329.4975
p85,2062,120475.79000000001
p85,2063,113163.23
p85,2065,119188.71666666667
p85,2068,113465.86
p85,2069,120207.99666666666
p85,2076,116699.45
p85,2094,113134.94
p100,2020,9332.05
p100,2021,11296.72
p100,2022,11577.086666666668
p100,2023,10804.426666666666
p100,2024,11113.575
p100,2025,11738.633333333333
p100,2027,10536.150000000001
p100,2028,11354.11
p100,2029,10895.89
p100,2033,10026.635
p100,2034,11265.57
p100,2035,10989.36
p100,2036,11310.3
p100,2054,11669.62
p100,2055,10811.645
p100,2059,11435.49
p100,2062,11519.0875
p100,2063,10755.84
p100,2064,10712.22
p100,2065,11801.145
p100,2069,10654.72
p100,2074,11720.68
p100,2076,10810.785
p100,2094,11272.93
p100,2095,10112.89
p123,2020,213600.48
p123,2021,249771.48666666666
p123,2022,263491.30000000005
p123,2023,251352.62
p123,2024,245788.91
p123,2025,267481.095
p123,2027,247826.385
p123,2028,254711.22
p123,2029,246300.68
p123,2033,232280.59
p123,2034,257616.8775
p123,2036,248704.99333333332
p123,2040,231532.31
p123,2045,246253.56
p123,2049,227999.45
p123,2054,242843.82
p123,2055,241719.84
p123,2058,248767.56
p123,2059,257852.49
p123,2062,260548.12
p123,2065,276924.02
p123,2067,240161.655
p123,2074,255174.11
p123,2076,235837.99
Vermont,2020,16720.045000000002
Vermont,2021,18234.384
Vermont,2022,18395.9375
Vermont,2023,16249.42
Vermont,2026,18396.61
Vermont,2027,17264.559999999998
Vermont,2028,18549.86
Vermont,2029,18044.585
Vermont,2033,17814.465
Vermont,2034,18599.670000000002
Vermont,2035,18032.85
Vermont,2039,18675.99
Vermont,2043,17450.489999999998
Vermont,2044,17969.4525
Vermont,2045,17226.35
Vermont,2047,17364.64
Vermont,2051,18453.14
Vermont,2055,17720.92
Vermont,2056,17992.71
Vermont,2058,18193.09
Vermont,2060,15609.87
Vermont,2061,18318.41
Vermont,2062,18150.58
Vermont,2074,18005.576666666664
p118,2020,69386.46333333333
p118,2021,75017.03
p118,2022,77761.196
p118,2023,71617.45333333332
p118,2024,72708.655
p118,2025,78224.9075
p118,2026,77618.43
p118,2027,75010.31
p118,2028,74596.215
p118,2029,74048.486
p118,2031,66828.84
p118,2033,71758.48
p118,2034,74959.9425
p118,2035,74488.43
p118,2036,79657.85999999999
p118,2037,69109.96
p118,2044,67154.03
p118,2049,69510.41
p118,2054,74862.185
p118,2055,74136.5175
p118,2059,74840.66
p118,2060,69067.16
p118,2062,79589.12
p118,2063,70117.98666666666
p118,2065,80847.51
p118,2066,74911.49
p118,2069,74005.38500000001
p118,2073,69342.42
p118,2074,79418.395
p118,2076,77073.09
p118,2077,67418.36
p118,2094,76960.07
p118,2095,71370.72666666667
p126,2020,231512.69333333333
p126,2021,252774.2425
p126,2022,263098.47500000003
p126,2023,240881.715
p126,2024,236402.795
p126,2025,278483.35
p126,2027,251969.71600000001
p126,2028,246165.095
p126,2029,240493.57
p126,2033,240298.72
p126,2034,252858.35857142857
p126,2035,247114.965
p126,2036,243215.32666666666
p126,2040,242587.175
p126,2043,255809.40000000002
p126,2044,238624.58000000002
p126,2045,245985.25
p126,2049,233331.0
p126,2054,236936.15
p126,2055,245866.19
p126,2056,256905.13
p126,2058,257307.2
p126,2060,220099.99
p126,2061,250918.14500000002
p126,2062,257287.77000000002
p126,2065,266766.04
p126,2067,251103.2766666667
p126,2074,260314.24
p126,2076,245133.79
p126,2098,247688.75
p105,2021,217785.98
p105,2022,218985.36833333332
p105,2023,205355.6125
p105,2024,213265.955
p105,2025,222833.09
p105,2029,212718.37
p105,2034,229990.53666666665
p105,2037,208361.37
p105,2039,229640.37333333332
p105,2040,212375.49
p105,2049,204966.94
p105,2051,213090.34
p105,2054,227581.64666666664
p105,2059,231497.54
p105,2062,227763.985
p105,2063,224218.0
p105,2065,230620.26
p105,2074,231345.29
p105,2079,234510.52
p80,2021,309520.67
p80,2022,309353.3483333333
p80,2023,288638.345
p80,2024,294026.905
p80,2025,297424.23
p80,2034,315315.47250000003
p80,2036,299508.79500000004
p80,2037,287454.2
p80,2039,321490.39
p80,2049,290680.01
p80,2051,304165.97
p80,2054,320011.63
p80,2059,330725.995
p80,2062,324878.92
p80,2063,327289.55
p80,2065,317094.24
p80,2074,323447.72
p80,2079,319805.77
West Virginia,2020,111943.99
West Virginia,2021,117659.09
West Virginia,2022,123707.86499999999
West Virginia,2023,112580.22000000002
West Virginia,2024,112830.11499999999
West Virginia,2025,124574.86333333333
West Virginia,2026,119347.46
West Virginia,2028,120995.98
West Virginia,2029,117185.59333333334
West Virginia,2033,109347.24
West Virginia,2034,119347.19
West Virginia,2035,115138.11
West Virginia,2036,117916.345
West Virginia,2054,120476.90999999999
West Virginia,2055,113575.60333333333
West Virginia,2059,116781.13
West Virginia,2062,124809.94
West Virginia,2063,100660.53
West Virginia,2064,113463.54
West Virginia,2065,126343.005
West Virginia,2069,115153.175
West Virginia,2074,121141.98
West Virginia,2094,120409.86
West Virginia,2095,107892.01
South Carolina,2020,314937.79
South Carolina,2022,332128.16
South Carolina,2023,334175.75
South Carolina,2025,324278.2875
South Carolina,2026,348392.93
South Carolina,2029,307599.3275
South Carolina,2031,291043.47
South Carolina,2034,319097.215
South Carolina,2036,316511.97000000003
South Carolina,2043,311370.21
South Carolina,2054,324880.62
South Carolina,2055,294738.405
South Carolina,2060,295747.37
South Carolina,2062,323432.93000000005
South Carolina,2063,317572.67000000004
South Carolina,2065,341909.495
South Carolina,2066,330665.19
South Carolina,2069,315892.85
South Carolina,2074,314859.79500000004
South Carolina,2083,297949.51
South Carolina,2094,311976.1
Mississippi,2022,188558.68000000002
Mississippi,2023,177847.542
Mississippi,2024,169906.75
Mississippi,2025,192619.6133333333
Mississippi,2029,195850.94000000003
Mississippi,2034,187389.29
Mississippi,2036,181058.1425
Mississippi,2043,173781.38
Mississippi,2050,173179.22
Mississippi,2054,190430.47
Mississippi,2055,181842.12
Mississippi,2058,183916.075
Mississippi,2062,184258.81666666665
Mississippi,2063,174658.49666666667
Mississippi,2065,192270.215
Mississippi,2069,187430.94000000003
Mississippi,2076,180413.74666666667
Mississippi,2094,182341.5
Wyoming,2020,57703.18
Wyoming,2021,54783.46
Wyoming,2022,54875.886666666665
Wyoming,2023,54594.200000000004
Wyoming,2024,56378.73
Wyoming,2025,55078.114285714284
Wyoming,2029,54912.04666666667
Wyoming,2030,55109.543333333335
Wyoming,2031,52661.185
Wyoming,2033,55657.89
Wyoming,2036,52356.135
Wyoming,2037,57452.405
Wyoming,2038,55014.66
Wyoming,2043,54883.67
Wyoming,2046,53075.91
Wyoming,2048,56663.95
Wyoming,2049,55549.740000000005
Wyoming,2051,55615.105
Wyoming,2053,51111.87
Wyoming,2054,55286.5425
Wyoming,2056,50838.36
Wyoming,2057,55458.23
Wyoming,2062,52597.72
Wyoming,2063,53970.99571428572
Wyoming,2064,57911.98
Wyoming,2065,54272.59333333333
Wyoming,2069,54864.224
Wyoming,2070,55121.66
Wyoming,2076,52314.69
Wyoming,2077,57352.27
Wyoming,2086,53514.71
Wyoming,2094,52539.92
p98,2020,242235.07499999998
p98,2021,259546.26333333334
p98,2022,269348.5825
p98,2023,256231.40333333332
p98,2024,254023.24
p98,2025,270051.8025
p98,2026,275012.16
p98,2029,253265.0425
p98,2034,273898.195
p98,2035,239339.83
p98,2036,263951.26333333337
p98,2037,248147.03
p98,2040,251825.605
p98,2043,257900.5
p98,2049,239687.055
p98,2054,252334.99666666667
p98,2055,254358.36
p98,2057,259314.33
p98,2058,253874.73666666666
p98,2060,242532.88
p98,2062,261978.35333333336
p98,2063,265436.87
p98,2065,267441.14
p98,2069,229498.19
p98,2074,267237.105
p98,2076,260806.78
p98,2080,238069.36
p98,2094,232662.63
p98,2095,245404.01
p98,2098,251588.67
Virginia,2020,374140.67000000004
Virginia,2021,431466.13
Virginia,2022,451158.4016666667
Virginia,2023,425134.74666666664
Virginia,2024,418323.12333333335
Virginia,2025,469408.88999999996
Virginia,2026,439974.57
Virginia,2027,420904.2133333333
Virginia,2028,435499.27
Virginia,2029,423938.34750000003
Virginia,2033,394328.87
Virginia,2034,457139.66333333333
Virginia,2035,421154.03
Virginia,2036,436428.4675
Virginia,2037,417657.13
Virginia,2040,402662.68000000005
Virginia,2045,416582.47
Virginia,2047,405646.79
Virginia,2049,393334.65666666673
Virginia,2054,415624.9425
Virginia,2055,422439.982
Virginia,2057,417785.56
Virginia,2058,420855.81
Virginia,2059,434445.32
Virginia,2062,444675.57
Virginia,2063,426931.635
Virginia,2065,465800.52
Virginia,2067,413088.97
Virginia,2069,420460.62
Virginia,2074,457514.255
Virginia,2076,405729.7233333333
Virginia,2094,432910.89
Virginia,2095,409776.51
Virginia,2098,417478.74
p48,2023,67255.64
p48,2029,64919.634999999995
p48,2051,60085.655
p48,2063,66904.98
p48,2069,65764.02
p73,2020,9196.89
p73,2021,10344.7
p73,2022,10386.206
p73,2023,10835.505
p73,2025,10659.17
p73,2026,10400.91
p73,2029,10971.1575
p73,2030,10436.4
p73,2033,9822.9
p73,2034,11006.38
p73,2036,10345.413333333332
p73,2037,10554.34
p73,2039,10358.35
p73,2040,10790.443333333335
p73,2041,10078.91
p73,2051,9670.029999999999
p73,2054,10641.445
p73,2058,9942.27
p73,2059,10385.58
p73,2061,10018.71
p73,2062,10612.593333333332
p73,2063,10350.875
p73,2065,11208.36
p73,2069,10888.236666666666
p73,2074,10569.61
p73,2076,10188.119999999999
p73,2094,10274.27
Connecticut,2020,88607.625
Connecticut,2021,100788.3275
Connecticut,2022,99608.94333333334
Connecticut,2023,98795.87
Connecticut,2027,98712.885
Connecticut,2028,100513.15
Connecticut,2033,92214.1
Connecticut,2034,101128.065
Connecticut,2035,98013.28
Connecticut,2036,95208.24
Connecticut,2040,96886.205
Connecticut,2043,99086.7575
Connecticut,2044,97230.42499999999
Connecticut,2045,98944.64
Connecticut,2047,95386.71
Connecticut,2049,91936.42
Connecticut,2051,100851.35
Connecticut,2054,91352.45
Connecticut,2055,96065.25
Connecticut,2056,100026.25
Connecticut,2058,101579.08
Connecticut,2060,76519.95
Connecticut,2096,97488.52
Connecticut,2098,99857.86
p50,2021,119522.1
p50,2022,127844.26
p50,2023,132316.896
p50,2025,116978.17
p50,2028,119063.55
p50,2029,135340.935
p50,2036,118144.36
p50,2051,121879.83
p50,2062,124077.5
p50,2063,125993.54333333333
p50,2065,125407.11
p50,2068,115805.94
p50,2069,135377.61
p50,2076,121539.25
p50,2091,114645.26000000001
p34,2022,40787.985
p34,2023,46039.365000000005
p34,2024,45034.19
p34,2025,42655.753333333334
p34,2029,44565.385
p34,2030,45280.89666666667
p34,2036,44910.52
p34,2045,44102.55
p34,2051,43839.582500000004
p34,2054,45142.2
p34,2062,41300.96
p34,2063,47493.99
p34,2064,44511.49
p34,2065,42280.293333333335
p34,2069,44559.07
p34,2070,45732.24
p34,2091,44995.17
Arkansas,2021,154591.36
Arkansas,2022,171546.80000000002
Arkansas,2023,167274.0116666667
Arkansas,2024,153961.78
Arkansas,2025,160617.3866666667
Arkansas,2026,156272.09
Arkansas,2028,159860.19
Arkansas,2029,172915.7475
Arkansas,2034,167727.13
Arkansas,2036,163492.83666666667
Arkansas,2037,162509.68000000002
Arkansas,2040,160102.1133333333
Arkansas,2041,162637.07
Arkansas,2044,156240.74
Arkansas,2050,158215.81
Arkansas,2051,148619.45
Arkansas,2054,167641.33000000002
Arkansas,2058,158161.71
Arkansas,2062,169898.825
Arkansas,2063,158511.2025
Arkansas,2065,165915.75666666668
Arkansas,2069,170138.28666666665
Arkansas,2076,159171.03666666665
Arkansas,2094,159519.26
p17,2020,26778.03
p17,2021,25479.42
p17,2022,25283.66
p17,2023,26672.653333333335
p17,2025,24724.052
p17,2029,27726.7075
p17,2030,27049.585
p17,2036,25009.47
p17,2038,26945.41
p17,2044,26085.34
p17,2046,25107.08
p17,2048,27056.36
p17,2053,24630.23
p17,2054,25884.565000000002
p17,2059,24378.61
p17,2060,26324.34
p17,2063,26434.8925
p17,2069,27124.8625
p17,2070,26866.82285714286
p17,2094,24886.34
p26,2022,4381.15
p26,2024,4782.25
p26,2025,4601.585
p26,2029,4702.656666666667
p26,2030,3546.4440000000004
p26,2051,4639.97
p26,2053,4308.763333333333
p26,2062,4304.09
p26,2069,4700.125
p26,2070,3584.4666666666667
Maryland,2020,234233.84000000003
Maryland,2021,274920.16333333333
Maryland,2022,289729.11
Maryland,2023,275972.18
Maryland,2024,270219.5366666667
Maryland,2025,294220.45999999996
Maryland,2027,272329.565
Maryland,2028,280487.62
Maryland,2029,270058.85
Maryland,2033,256467.48
Maryland,2034,283695.5225
Maryland,2036,273428.28
Maryland,2040,253426.25
Maryland,2045,270752.23
Maryland,2049,250574.44
Maryland,2054,267162.255
Maryland,2055,265761.895
Maryland,2058,273476.83
Maryland,2059,284349.58
Maryland,2062,286784.6166666667
Maryland,2065,304339.52
Maryland,2067,264481.32999999996
Maryland,2074,281011.585
Maryland,2076,259182.78
Maryland,2094,275849.84
p61,2022,30609.83
p61,2023,28674.97
p61,2025,27725.26
p61,2029,30389.605
p61,2051,29324.36666666667
p61,2063,28595.324999999997
p61,2069,29494.215
p61,2091,28401.34
p79,2022,88605.54
p79,2023,77676.51
p79,2024,81641.69
p79,2025,79347.17
p79,2034,92268.68
p79,2036,79985.8
p79,2049,82237.57
p79,2051,88222.98
p79,2059,91349.78
p79,2062,92030.9
p42,2022,13739.1975
p42,2023,13806.58
p42,2024,13086.35
p42,2025,13416.840000000002
p42,2029,12688.45
p42,2030,14077.89
p42,2034,13802.1
p42,2036,13631.158333333333
p42,2044,13290.53
p42,2059,14214.675
p42,2062,13869.48
p42,2065,12465.82
p42,2069,12507.6
p42,2074,13877.779999999999
p42,2076,13155.3675
p42,2099,14023.77
p92,2020,369903.355
p92,2021,390729.93
p92,2022,450946.4366666667
p92,2023,404276.73750000005
p92,2024,395966.65
p92,2025,420879.16
p92,2026,412253.46499999997
p92,2029,420212.65
p92,2034,426053.1066666667
p92,2036,419242.67
p92,2037,373621.635
p92,2040,366440.62
p92,2043,385751.23
p92,2049,378909.95
p92,2054,395292.71499999997
p92,2055,375273.13
p92,2058,391533.98
p92,2060,359057.76
p92,2062,436951.2233333333
p92,2063,392574.74666666664
p92,2064,369252.94
p92,2065,464071.255
p92,2069,409930.2033333333
p92,2074,418889.295
p92,2076,414648.54
p92,2094,409272.39
Nebraska,2021,93208.75
Nebraska,2022,94268.31
Nebraska,2023,99455.69545454545
Nebraska,2024,93166.03333333333
Nebraska,2025,93865.125
Nebraska,2029,95414.2775
Nebraska,2030,98084.98333333334
Nebraska,2033,93224.97
Nebraska,2034,96354.15
Nebraska,2036,92368.17
Nebraska,2037,97135.44
Nebraska,2050,88614.53
Nebraska,2061,90585.96
Nebraska,2062,100944.83
Nebraska,2063,98130.48375
Nebraska,2065,96042.92
Nebraska,2069,95268.555
Nebraska,2070,98258.48
Nebraska,2076,92921.98666666665
p134,2020,34803.17
p134,2021,38111.89
p134,2022,39539.43
p134,2028,38287.55
p134,2034,38436.324
p134,2035,37899.045
p134,2043,36417.986
p134,2044,37616.435
p134,2051,38287.55
p134,2055,37364.52
p134,2061,37466.45
p134,2062,38447.74
p134,2074,38746.56
Missouri,2021,305688.68
Missouri,2022,318393.7833333334
Missouri,2023,319625.00800000003
Missouri,2025,319884.56
Missouri,2029,322745.35333333333
Missouri,2034,318180.91000000003
Missouri,2036,300641.79
Missouri,2039,303502.21
Missouri,2040,305318.32
Missouri,2051,296022.86
Missouri,2054,311123.31000000006
Missouri,2062,323183.44
Missouri,2063,315782.275
Missouri,2065,327017.83
Missouri,2069,326222.605
p4,2020,17778.85
p4,2022,18244.235
p4,2023,18026.18
p4,2024,17329.82
p4,2025,17075.19818181818
p4,2029,16901.996666666666
p4,2030,17862.501666666667
p4,2033,17216.46857142857
p4,2036,17411.59833333333
p4,2044,17680.696666666667
p4,2048,17001.0
p4,2050,16289.99
p4,2057,17124.5
p4,2062,17425.915
p4,2063,17270.945
p4,2065,17024.89857142857
p4,2069,16629.765
p4,2070,17938.0975
p4,2073,16984.37
p4,2076,16636.512
p4,2084,17194.43
p117,2020,49368.263333333336
p117,2021,53347.11
p117,2022,58200.886666666665
p117,2023,51546.676666666666
p117,2024,51533.520000000004
p117,2025,59625.91
p117,2026,54636.43
p117,2028,54661.57
p117,2029,52680.385
p117,2033,49138.24
p117,2034,55347.7725
p117,2035,52097.28
p117,2036,54049.09
p117,2037,50654.59
p117,2049,49771.77
p117,2054,53797.4675
p117,2055,50598.832500000004
p117,2059,54430.06
p117,2060,49776.47
p117,2062,57313.02333333334
p117,2063,49187.33
p117,2064,50836.81
p117,2065,58251.71
p117,2069,52582.925
p117,2074,54873.506666666675
p117,2094,55276.97
p117,2095,49803.095
p112,2021,244574.7
p112,2022,243836.062
p112,2023,214736.13333333333
p112,2024,237220.27
p112,2025,257864.46000000002
p112,2029,232733.58
p112,2034,251534.00333333333
p112,2039,247675.96
p112,2054,251830.05
p112,2062,265209.31
p112,2065,252614.79499999998
p112,2069,225369.19
p112,2074,254354.985
p112,2079,242151.04
p1,2020,184394.94999999998
p1,2022,187498.46
p1,2023,197795.75400000002
p1,2025,181915.29666666666
p1,2029,176151.9575
p1,2030,195374.91625
p1,2036,185133.85
p1,2038,193610.60499999998
p1,2044,177899.66999999998
p1,2048,183423.28
p1,2050,178721.035
p1,2051,163092.82
p1,2060,180487.8
p1,2062,180370.11
p1,2063,192798.5675
p1,2065,178239.83333333334
p1,2069,179961.69333333336
p1,2070,195423.275
p1,2076,178975.39
p1,2090,179568.37
p129,2020,16720.045000000002
p129,2021,18234.384
p129,2022,18395.9375
p129,2023,16249.42
p129,2026,18396.61
p129,2027,17264.559999999998
p129,2028,18549.86
p129,2029,18044.585
p129,2033,17814.465
p129,2034,18599.670000000002
p129,2035,18032.85
p129,2039,18675.99
p129,2043,17450.489999999998
p129,2044,17969.4525
p129,2045,17226.35
p129,2047,17364.64
p129,2051,18453.14
p129,2055,17720.92
p129,2056,17992.71
p129,2058,18193.09
p129,2060,15609.87
p129,2061,18318.41
p129,2062,18150.58
p129,2074,18005.576666666664
p131,2020,166594.66499999998
p131,2021,181834.68
p131,2022,182558.8525
p131,2027,174469.015
p131,2028,185307.07
p131,2033,173413.51
p131,2034,184431.8025
p131,2035,183608.39500000002
p131,2036,172916.87
p131,2043,179304.21
p131,2044,180773.4475
p131,2051,185863.23
p131,2054,168690.83
p131,2055,171574.574
p131,2056,186904.51
p131,2058,186608.21
p131,2060,149039.57
p131,2061,182261.37
p131,2074,187665.93
p131,2095,179319.95
p97,2020,241468.4625
p97,2021,255974.05333333334
p97,2022,278051.4075
p97,2023,260288.14
p97,2025,272991.582
p97,2026,282149.58
p97,2027,248004.11
p97,2029,256756.22
p97,2031,232797.44
p97,2033,246005.34
p97,2034,279356.675
p97,2036,268672.37
p97,2037,242530.98
p97,2043,253445.04
p97,2049,241523.68333333335
p97,2054,260996.07
p97,2055,260020.18000000002
p97,2057,263602.375
p97,2060,233810.17
p97,2062,275154.5433333333
p97,2063,253470.8633333333
p97,2065,284290.545
p97,2066,269902.23
p97,2069,250150.18
p97,2074,273957.385
p97,2076,255906.44
p97,2083,241435.36
p97,2094,269453.8
p97,2095,239740.58000000002
p97,2097,257091.5
p47,2023,18896.765
p47,2029,19031.275
p47,2051,18334.48
p47,2063,19041.75
p47,2069,19325.74
p47,2091,18250.573333333334
p64,2022,148303.35
p64,2023,134782.408
p64,2025,125364.98500000002
p64,2029,138145.5075
p64,2036,125893.805
p64,2050,119828.99
p64,2051,136247.18
p64,2054,120212.46
p64,2058,131532.73
p64,2062,141353.14
p64,2063,129391.9225
p64,2069,134466.8375
p64,2076,124051.12
South Dakota,2021,37714.06
South Dakota,2022,38492.39428571429
South Dakota,2023,40044.92333333333
South Dakota,2024,38182.095
South Dakota,2025,38331.075000000004
South Dakota,2028,38608.78
South Dakota,2029,38838.24333333333
South Dakota,2030,39667.13333333333
South Dakota,2033,38159.26
South Dakota,2034,39042.11
South Dakota,2036,38974.05222222223
South Dakota,2037,38884.485
South Dakota,2040,40090.48
South Dakota,2049,39223.06
South Dakota,2056,39605.08
South Dakota,2059,38058.805
South Dakota,2062,39112.995
South Dakota,2063,39146.14
South Dakota,2069,37703.770000000004
South Dakota,2070,40022.56
South Dakota,2074,38065.4
South Dakota,2076,38687.404
Indiana,2021,362994.92999999993
Indiana,2022,377498.77999999997
Indiana,2023,348460.2066666667
Indiana,2024,365785.74
Indiana,2025,381788.175
Indiana,2029,374524.39999999997
Indiana,2034,394263.2833333334
Indiana,2037,352171.52
Indiana,2039,382521.11000000004
Indiana,2040,364860.39
Indiana,2054,383447.02999999997
Indiana,2059,388590.96
Indiana,2062,380129.155
Indiana,2063,387543.5500000001
Indiana,2065,396466.02
Indiana,2069,361022.34
Indiana,2074,393383.125
Indiana,2079,386254.09
p23,2020,3957.37
p23,2021,3912.54
p23,2022,3883.6733333333336
p23,2023,3188.554
p23,2024,3985.92
p23,2025,3510.461111111111
p23,2026,2988.52
p23,2029,3690.5983333333334
p23,2030,3203.44625
p23,2033,3978.99
p23,2034,3863.7566666666667
p23,2036,3834.4733333333334
p23,2037,3917.563333333333
p23,2046,3719.37
p23,2048,3173.48
p23,2051,3943.2
p23,2054,3928.12
p23,2056,3018.82
p23,2059,3847.55
p23,2062,3909.52
p23,2063,3185.1233333333334
p23,2065,3224.775
p23,2069,3519.6275
p23,2070,3235.74
p23,2076,3751.36
p23,2077,3943.0166666666664
p18,2020,14651.490000000002
p18,2021,14258.69
p18,2022,14101.96
p18,2023,13724.951428571429
p18,2025,13912.88
p18,2029,14851.292000000001
p18,2030,13804.345714285713
p18,2036,14285.210000000001
p18,2037,14480.85
p18,2048,13731.425
p18,2053,12873.67
p18,2054,14229.08
p18,2059,13787.27
p18,2063,13615.723999999998
p18,2069,14976.146666666667
p18,2070,13622.972857142857
p18,2076,13637.35
p59,2029,15139.52
p59,2051,15666.863333333333
p59,2069,15117.18
p59,2091,15400.85
p62,2022,22161.57
p62,2023,20112.62
p62,2025,19782.690000000002
p62,2029,20588.35
p62,2036,18501.44
p62,2037,21965.43
p62,2051,20625.68
p62,2055,19472.79
p62,2063,20367.85
p62,2069,20900.355
p62,2077,21439.94
p62,2091,19529.11
p41,2021,51581.99
p41,2022,53119.43
p41,2023,56468.32625
p41,2024,49567.92
p41,2025,52614.88333333333
p41,2029,54155.81
p41,2030,55084.6
p41,2034,53785.32
p41,2036,51893.505
p41,2050,50299.770000000004
p41,2062,56401.06
p41,2063,55057.7325
p41,2069,55061.48
p41,2076,51267.490000000005
Minnesota,2022,216965.6875
Minnesota,2023,229202.42333333334
Minnesota,2024,211830.54
Minnesota,2030,231097.59000000003
Minnesota,2034,226807.37666666668
Minnesota,2036,223982.70166666666
Minnesota,2059,229738.47
Minnesota,2062,226976.52
Minnesota,2063,230942.01
Minnesota,2076,214845.22333333336
p25,2022,79470.13500000001
p25,2025,76014.95
p25,2029,82322.99333333333
p25,2030,88747.892
p25,2053,85560.27
p25,2069,81502.74
p25,2070,90697.42333333334
p114,2022,89287.0475
p114,2023,78151.69
p114,2024,86527.26
p114,2025,92214.16500000001
p114,2029,84340.11
p114,2034,96299.1
p114,2044,74021.54
p114,2054,86335.57500000001
p114,2062,92542.57
p114,2065,92493.5
p114,2069,84657.42
p114,2074,91248.86499999999
p7,2020,4107.0650000000005
p7,2022,3954.6299999999997
p7,2023,4303.3475
p7,2025,3872.03
p7,2029,3888.1800000000003
p7,2030,4338.35
p7,2036,3721.31
p7,2038,4153.126666666667
p7,2050,3552.38
p7,2053,4109.08
p7,2057,4040.45
p7,2062,3961.135
p7,2063,3904.73
p7,2065,3789.76
p7,2069,3890.8700000000003
p7,2070,4243.587142857143
p7,2097,4080.525
Kentucky,2020,321087.91
Kentucky,2021,342912.61
Kentucky,2022,346021.272
Kentucky,2023,327967.35750000004
Kentucky,2024,341517.84
Kentucky,2025,334708.18125
Kentucky,2026,345633.965
Kentucky,2028,326782.91500000004
Kentucky,2029,344809.092
Kentucky,2034,355677.56833333336
Kentucky,2035,336993.68
Kentucky,2036,337357.68
Kentucky,2037,320950.395
Kentucky,2039,342917.62000000005
Kentucky,2040,290682.03
Kentucky,2043,314455.03
Kentucky,2044,286718.32
Kentucky,2048,340712.84
Kentucky,2049,317024.54
Kentucky,2054,341420.088
Kentucky,2055,327152.6175
Kentucky,2058,337806.86
Kentucky,2059,345987.20499999996
Kentucky,2060,315757.18
Kentucky,2062,369139.6666666667
Kentucky,2063,318565.09
Kentucky,2064,325650.3
Kentucky,2065,379296.19999999995
Kentucky,2069,347952.80333333334
Kentucky,2074,363782.23666666663
Kentucky,2076,337623.35000000003
Kentucky,2094,348827.79500000004
Kentucky,2095,298729.4
p91,2022,51401.524999999994
p91,2023,47380.715
p91,2025,48766.59
p91,2026,47062.49
p91,2029,52554.055
p91,2036,47828.34
p91,2040,45239.55
p91,2043,45508.05
p91,2054,52126.25
p91,2055,45837.31
p91,2062,52613.2
p91,2063,46672.825
p91,2065,52490.91
p91,2069,49636.78999999999
p91,2076,45666.09
p91,2094,49660.02
p89,2020,164551.03
p89,2022,196222.97333333336
p89,2023,179459.285
p89,2024,168421.41999999998
p89,2025,192083.155
p89,2026,183716.255
p89,2029,182382.6425
p89,2033,164725.73
p89,2034,192634.14500000002
p89,2036,194921.29499999998
p89,2043,173476.03
p89,2049,168431.16
p89,2054,180132.39666666664
p89,2055,181935.83
p89,2058,176469.32
p89,2062,190789.63
p89,2063,177341.05999999997
p89,2065,200168.9
p89,2069,183135.54666666666
p89,2074,187615.17
p89,2076,185271.27000000002
p89,2094,187087.96
Nevada,2022,92040.21
Nevada,2025,86492.76000000001
Nevada,2027,89233.31
Nevada,2028,94922.07333333332
Nevada,2029,93179.075
Nevada,2030,96018.65714285713
Nevada,2038,93563.53
Nevada,2047,91752.41666666667
Nevada,2053,94065.53333333333
Nevada,2062,86447.75
Nevada,2068,93764.52
Nevada,2069,93532.025
Nevada,2070,96515.98400000001
Nevada,2093,92421.32
Delaware,2020,33401.38
Delaware,2021,38019.65333333333
Delaware,2022,39565.84333333333
Delaware,2023,36717.003333333334
Delaware,2024,36281.136666666665
Delaware,2025,39284.835
Delaware,2027,37619.17
Delaware,2028,34729.95
Delaware,2029,36981.76
Delaware,2034,38223.079999999994
Delaware,2036,37274.97666666666
Delaware,2040,35646.24
Delaware,2045,37832.47
Delaware,2049,35652.07
Delaware,2054,36515.955
Delaware,2055,36157.6
Delaware,2056,37084.92
Delaware,2058,38328.99
Delaware,2059,38626.57
Delaware,2062,38519.125
Delaware,2065,40589.55
Delaware,2067,37502.555
Delaware,2074,39747.79
Delaware,2076,37370.38
p94,2020,512204.04
p94,2021,526863.54
p94,2022,550916.086
p94,2023,538936.4766666667
p94,2025,574742.3525
p94,2026,556013.265
p94,2029,520060.4633333334
p94,2031,480728.69
p94,2034,544202.49
p94,2036,544303.72
p94,2037,494640.26
p94,2043,515958.15
p94,2054,540991.235
p94,2055,522694.16
p94,2060,481262.84
p94,2062,556152.4366666666
p94,2063,515443.87999999995
p94,2065,593373.29
p94,2066,555899.55
p94,2069,513829.03
p94,2074,554858.9
p94,2076,523047.47
p94,2083,492731.36
p94,2094,569536.97
Idaho,2020,76087.3
Idaho,2022,74515.06333333334
Idaho,2023,78572.2925
Idaho,2024,75443.53
Idaho,2025,73054.41500000001
Idaho,2029,73513.1025
Idaho,2030,81170.98285714285
Idaho,2036,71173.42
Idaho,2038,77220.30666666667
Idaho,2057,75248.675
Idaho,2062,75124.44
Idaho,2063,74137.76000000001
Idaho,2070,81054.89666666667
Oklahoma,2022,204388.005
Oklahoma,2023,210973.146
Oklahoma,2025,186309.38
Oklahoma,2028,187762.25000000003
Oklahoma,2029,215676.91499999998
Oklahoma,2036,187945.52666666664
Oklahoma,2051,198839.32666666666
Oklahoma,2062,198117.325
Oklahoma,2063,200214.78333333333
Oklahoma,2065,201326.77
Oklahoma,2069,215904.285
Oklahoma,2076,199540.48
Oklahoma,2091,181190.20500000002
p2,2020,101717.6225
p2,2022,103917.75
p2,2023,103089.604
p2,2025,98570.45857142856
p2,2029,99301.79333333333
p2,2030,105131.23142857142
p2,2036,96828.804
p2,2038,102177.715
p2,2044,100221.89
p2,2054,93401.51
p2,2060,98709.04000000001
p2,2063,101080.5
p2,2065,99582.175
p2,2069,97168.87
p2,2070,105133.30333333334
p2,2076,97512.45
p111,2022,195445.71
p111,2024,177805.84
p111,2034,200425.96
p111,2055,162256.08
p132,2020,88607.625
p132,2021,100788.3275
p132,2022,99608.94333333334
p132,2023,98795.87
p132,2027,98712.885
p132,2028,100513.15
p132,2033,92214.1
p132,2034,101128.065
p132,2035,98013.28
p132,2036,95208.24
p132,2040,96886.205
p132,2043,99086.7575
p132,2044,97230.42499999999
p132,2045,98944.64
p132,2047,95386.71
p132,2049,91936.42
p132,2051,100851.35
p132,2054,91352.45
p132,2055,96065.25
p132,2056,100026.25
p132,2058,101579.08
p132,2060,76519.95
p132,2096,97488.52
p132,2098,99857.86
North Carolina,2020,487408.28
North Carolina,2021,518876.9266666667
North Carolina,2022,547399.99
North Carolina,2023,516519.5433333333
North Carolina,2024,505683.93
North Carolina,2025,538605.6020000001
North Carolina,2026,557161.74
North Carolina,2027,509836.05
North Carolina,2029,498295.61799999996
North Carolina,2033,463135.95
North Carolina,2034,553254.87
North Carolina,2035,483808.44
North Carolina,2036,522937.60333333333
North Carolina,2040,494988.955
North Carolina,2043,511345.54
North Carolina,2049,482382.135
North Carolina,2054,508282.43333333335
North Carolina,2055,514378.54000000004
North Carolina,2057,522916.705
North Carolina,2058,497995.6
North Carolina,2060,476343.0500000001
North Carolina,2062,537132.8966666666
North Carolina,2063,498822.7233333333
North Carolina,2065,543120.7066666667
North Carolina,2066,529304.96
North Carolina,2069,501578.51
North Carolina,2074,541194.49
North Carolina,2076,516713.22
North Carolina,2083,486482.88
North Carolina,2094,521898.08
North Carolina,2095,486664.18000000005
p109,2020,208029.6
p109,2021,222811.74
p109,2022,222814.296
p109,2023,209043.58000000002
p109,2024,221164.63
p109,2025,220053.13200000004
p109,2026,223121.48
p109,2028,212353.275
p109,2029,219058.24166666667
p109,2034,230874.17666666667
p109,2035,216722.9
p109,2036,218346.39500000002
p109,2037,207478.72
p109,2039,223200.17
p109,2040,205246.75
p109,2043,200738.46
p109,2044,185439.62666666668
p109,2048,220892.77
p109,2049,202938.15
p109,2054,221026.304
p109,2055,210575.81
p109,2058,219339.17
p109,2059,225838.125
p109,2060,206575.76
p109,2062,238844.16
p109,2063,203488.1
p109,2064,209573.67
p109,2065,245107.35
p109,2069,222898.16666666666
p109,2074,236984.29666666666
p109,2094,227225.64500000002
p109,2095,199824.04499999998
p38,2022,33668.965
p38,2023,34979.759999999995
p38,2024,33400.72
p38,2025,33346.482
p38,2028,33814.604999999996
p38,2029,33977.68333333333
p38,2030,34829.026666666665
p38,2033,33279.94
p38,2034,33496.74
p38,2036,34197.68125
p38,2037,33973.44
p38,2040,35128.729999999996
p38,2049,34421.39
p38,2056,34896.95
p38,2059,33301.065
p38,2062,34492.81
p38,2063,35051.9625
p38,2069,32976.46000000001
p38,2070,35188.51
p38,2074,33222.36
p38,2076,33853.835999999996
p20,2020,6313.837500000001
p20,2021,6086.56
p20,2022,6196.1224999999995
p20,2023,7360.473636363637
p20,2024,7105.6900000000005
p20,2025,6909.161999999999
p20,2029,6579.442
p20,2030,7394.922857142857
p20,2031,6273.76
p20,2032,7309.383333333334
p20,2033,6196.946
p20,2034,6114.483333333334
p20,2036,6641.5575
p20,2037,6259.14
p20,2038,6251.09
p20,2044,6314.12
p20,2045,6108.700000000001
p20,2048,7260.41
p20,2051,5839.16
p20,2053,7150.57
p20,2054,6065.835
p20,2056,6973.54
p20,2057,7448.09
p20,2058,6183.655000000001
p20,2059,5898.3
p20,2060,6185.47
p20,2062,6221.343333333333
p20,2063,7372.945999999999
p20,2065,7069.535
p20,2069,6576.352857142857
p20,2070,7301.98
p20,2072,7117.56
p20,2074,6114.57
p20,2076,6379.5419999999995
p20,2093,7227.26
p20,2094,5855.495
p20,2096,7049.889999999999
p20,2098,6152.19
p20,2099,5915.82
p44,2021,5558.55
p44,2022,5810.599999999999
p44,2023,5995.923333333333
p44,2024,5654.71
p44,2025,5540.26
p44,2026,5863.18
p44,2028,5764.205
p44,2029,5734.34
p44,2030,6061.97
p44,2034,5805.634999999999
p44,2036,5723.425714285714
p44,2049,5883.11
p44,2050,5389.08
p44,2054,5860.41
p44,2059,6030.84
p44,2062,5839.36
p44,2063,5727.593333333333
p44,2076,5500.05
p67,2022,266556.915
p67,2023,240638.39250000002
p67,2024,229995.28
p67,2025,255457.25
p67,2029,243556.38
p67,2030,236463.14
p67,2036,236907.748
p67,2042,216982.56
p67,2050,233360.55666666667
p67,2051,268509.02
p67,2054,229486.22666666665
p67,2058,254905.41749999998
p67,2062,270778.58
p67,2063,241591.64666666664
p67,2065,261960.53
p67,2069,255331.32333333333
p67,2098,243294.015
p56,2021,46362.5
p56,2022,48914.67333333334
p56,2023,50066.955714285716
p56,2024,46404.14
p56,2025,46032.448
p56,2026,45176.72
p56,2028,44781.63
p56,2029,48923.095
p56,2030,46194.18
p56,2033,45566.13
p56,2034,49371.98
p56,2035,42315.04
p56,2036,45462.85166666666
p56,2037,47980.70333333333
p56,2039,46722.41
p56,2040,49232.27666666667
p56,2050,45350.65
p56,2051,46241.77
p56,2054,46952.44
p56,2058,46071.71
p56,2061,44383.57
p56,2062,49423.035
p56,2063,46855.768
p56,2065,48883.83
p56,2069,50640.14333333333
p56,2076,45532.706666666665
p56,2077,47323.73
p56,2091,42778.37
p56,2094,46384.32
p75,2022,32202.745
p75,2024,30749.95
p75,2025,29691.44
p75,2034,34345.0
p75,2036,32671.571999999996
p75,2049,33872.05
p75,2059,33911.67
p75,2062,34847.98
p75,2074,34091.44
p75,2076,32053.239999999998
p11,2025,45287.66
p11,2027,47729.185
p11,2028,51412.4625
p11,2029,50032.7675
p11,2030,49741.57857142857
p11,2042,51285.27
p11,2047,50954.92333333333
p11,2051,49758.24
p11,2053,49695.2
p11,2067,47526.34333333333
p11,2069,50276.395000000004
p11,2070,48627.547999999995
p11,2087,51708.42
p32,2021,4861.95
p32,2022,4871.442857142857
p32,2023,4859.004
p32,2025,4778.838333333333
p32,2026,4458.68
p32,2029,4791.74125
p32,2030,4880.733333333334
p32,2033,4879.32
p32,2034,4903.956
p32,2036,4889.825
p32,2037,4865.253333333333
p32,2038,4595.63
p32,2046,4580.54
p32,2048,4794.87
p32,2050,4839.8
p32,2051,4936.51
p32,2054,4784.625
p32,2056,4664.950000000001
p32,2057,4889.51
p32,2058,4841.63
p32,2059,4670.075
p32,2062,4991.843333333333
p32,2063,4825.606666666667
p32,2065,4857.695
p32,2069,4786.854285714287
p32,2070,4870.656666666667
p32,2074,4843.04
p32,2076,4806.9349999999995
p32,2097,4834.4
p32,2099,4632.39
p103,2022,305037.81
p103,2024,275590.55
p103,2034,310775.66
p103,2074,304216.33
New Mexico,2025,64179.024999999994
New Mexico,2030,66764.39499999999
New Mexico,2036,65239.91
New Mexico,2051,65383.8475
New Mexico,2065,63824.295
New Mexico,2070,65204.25
New Mexico,2091,67734.61
p8,2022,3749.35
p8,2023,4503.5599999999995
p8,2028,4537.815
p8,2029,3607.35
p8,2030,4434.0616666666665
p8,2037,3674.16
p8,2038,4678.62
p8,2050,3915.75
p8,2051,3399.08
p8,2053,4600.0
p8,2057,3567.29
p8,2069,3608.59
p8,2070,4363.02
p8,2078,4575.12
p120,2020,6532.64
p120,2021,8177.63
p120,2022,8249.25
p120,2023,7507.723333333332
p120,2024,7913.805
p120,2025,8304.386666666667
p120,2026,6696.61
p120,2027,7769.686666666666
p120,2028,8141.68
p120,2029,7642.03
p120,2033,7250.84
p120,2034,8240.824
p120,2036,7910.356666666667
p120,2054,8149.610000000001
p120,2055,7671.003333333333
p120,2056,7902.09
p120,2059,8359.45
p120,2062,8329.699999999999
p120,2064,7601.17
p120,2065,8674.44
p120,2074,8233.625
p120,2094,8069.43
p120,2095,7038.0
p86,2020,65780.52
p86,2022,71332.4225
p86,2023,69935.33666666667
p86,2024,66770.21
p86,2025,73073.09
p86,2028,67136.28
p86,2029,75225.8175
p86,2034,71028.41
p86,2036,75265.42749999999
p86,2050,67717.70000000001
p86,2054,69868.57
p86,2055,70802.21
p86,2058,70238.2325
p86,2062,69097.28
p86,2063,68347.64666666667
p86,2065,72998.42
p86,2069,72200.615
p86,2076,74334.81
p83,2022,49688.698333333334
p83,2023,48886.817500000005
p83,2024,47978.975
p83,2025,48766.35
p83,2029,51401.635
p83,2034,52156.72666666666
p83,2037,47885.39
p83,2039,52030.10333333333
p83,2040,49946.64
p83,2054,52289.445
p83,2059,52605.38
p83,2062,50821.365
p83,2063,52560.48
p83,2065,53041.33
p83,2069,50616.25
p83,2074,52564.34
p83,2079,51899.35
p83,2094,50893.83
Washington,2020,348054.13666666666
Washington,2022,356703.24
Washington,2023,365656.158
Washington,2025,341453.56333333335
Washington,2029,330299.8425
Washington,2030,363749.53500000003
Washington,2036,352112.69999999995
Washington,2038,358481.855
Washington,2044,336952.03
Washington,2048,339854.16
Washington,2050,328389.25
Washington,2051,308881.23000000004
Washington,2054,321863.54
Washington,2060,337661.365
Washington,2062,342450.42
Washington,2063,354978.8125
Washington,2065,338642.166
Washington,2069,336721.8433333333
Washington,2070,363532.2833333334
Washington,2076,338749.05000000005
p125,2020,33401.38
p125,2021,38019.65333333333
p125,2022,39565.84333333333
p125,2023,36717.003333333334
p125,2024,36281.136666666665
p125,2025,39284.835
p125,2027,37619.17
p125,2028,34729.95
p125,2029,36981.76
p125,2034,38223.079999999994
p125,2036,37274.97666666666
p125,2040,35646.24
p125,2045,37832.47
p125,2049,35652.07
p125,2054,36515.955
p125,2055,36157.6
p125,2056,37084.92
p125,2058,38328.99
p125,2059,38626.57
p125,2062,38519.125
p125,2065,40589.55
p125,2067,37502.555
p125,2074,39747.79
p125,2076,37370.38
Kansas,2020,125904.37
Kansas,2021,123425.28
Kansas,2022,126150.54666666665
Kansas,2023,136110.62333333332
Kansas,2025,121654.855
Kansas,2029,130872.84333333334
Kansas,2036,117324.02666666667
Kansas,2041,113070.34
Kansas,2062,130549.67
Kansas,2063,133065.115
Kansas,2069,133696.985
Maine,2020,34803.17
Maine,2021,38111.89
Maine,2022,39539.43
Maine,2028,38287.55
Maine,2034,38436.324
Maine,2035,37899.045
Maine,2043,36417.986
Maine,2044,37616.435
Maine,2051,38287.55
Maine,2055,37364.52
Maine,2061,37466.45
Maine,2062,38447.74
Maine,2074,38746.56
p106,2022,61011.83
p106,2023,57187.29666666667
p106,2024,56700.87
p106,2025,60436.74
p106,2029,59823.22
p106,2034,61510.50999999999
p106,2039,60044.84333333333
p106,2044,52374.9
p106,2047,51131.82
p106,2054,60919.48
p106,2059,61288.32
p106,2062,58795.845
p106,2069,57454.44
p106,2074,62142.604999999996
p106,2079,59944.2
p37,2020,29732.94
p37,2022,31597.175
p37,2023,32561.28
p37,2024,30170.3
p37,2025,31288.825714285715
p37,2028,31084.12
p37,2029,31854.533333333336
p37,2030,33040.37
p37,2034,31965.909999999996
p37,2036,31251.105714285713
p37,2044,31332.13
p37,2049,32090.03
p37,2054,27842.97
p37,2059,33208.08
p37,2062,31403.11333333333
p37,2063,30785.36
p37,2065,30254.975
p37,2069,29712.49
p37,2074,31685.436666666665
p37,2076,30530.755
p14,2020,15067.04
p14,2022,15402.48
p14,2023,15536.49
p14,2025,14708.72
p14,2029,15057.23
p14,2030,16047.84375
p14,2036,14689.840000000002
p14,2038,15558.355
p14,2044,15069.45
p14,2050,13834.8
p14,2051,13563.81
p14,2062,14927.0
p14,2063,15299.835
p14,2065,14561.16
p14,2069,14706.503333333332
p14,2070,16017.622857142856
p70,2022,96444.80249999999
p70,2023,97774.12
p70,2024,93399.43
p70,2025,99065.805
p70,2036,100548.51599999999
p70,2039,102545.71
p70,2049,103063.15
p70,2059,104113.51
p70,2062,101860.16
p70,2076,98760.685
p68,2022,11079.942500000001
p68,2023,11280.076
p68,2024,10484.6
p68,2028,11325.130000000001
p68,2034,11043.1
p68,2036,11008.791666666666
p68,2049,11384.79
p68,2059,11486.26
p68,2076,10525.213333333333
p53,2020,121093.91
p53,2021,118758.73
p53,2022,121478.23666666665
p53,2023,131113.71
p53,2025,117317.265
p53,2029,130444.72
p53,2036,112831.47333333334
p53,2041,108718.24
p53,2062,125789.54
p53,2063,128197.11
p53,2069,128784.10500000001
p130,2020,31688.995
p130,2021,35220.56
p130,2022,35553.39
p130,2028,35888.81
p130,2034,35967.05
p130,2035,35087.5
p130,2043,33968.65285714286
p130,2044,35189.08666666667
p130,2047,34039.37
p130,2051,36029.27
p130,2055,33180.145000000004
p130,2056,35140.41
p130,2058,35651.67
p130,2060,29572.13
p130,2061,35026.37
p130,2074,36492.86
p130,2095,34349.75
p128,2020,54961.9
p128,2021,61587.474
p128,2022,61759.7675
p128,2023,61772.37
p128,2024,61288.03
p128,2025,64482.96
p128,2027,60391.84
p128,2028,58862.585
p128,2030,59761.68
p128,2034,60608.09666666667
p128,2035,61653.62
p128,2036,58284.895000000004
p128,2040,59478.07
p128,2043,61573.47
p128,2044,58971.53
p128,2045,58563.53
p128,2047,60085.98
p128,2051,60699.87
p128,2054,55174.1
p128,2055,57766.33666666667
p128,2056,62374.95
p128,2058,62171.77
p128,2060,50410.04
p128,2062,62431.15
p128,2084,56670.92
p128,2095,61575.7
p128,2096,61011.9
p128,2098,61087.79
Arizona,2025,189052.66666666666
Arizona,2027,195867.3625
Arizona,2028,205100.47999999998
Arizona,2030,200315.50375
Arizona,2042,197292.12
Arizona,2046,186776.31
Arizona,2047,204377.805
Arizona,2051,191069.3075
Arizona,2053,204702.96333333335
Arizona,2065,186490.46
Arizona,2067,188322.32
Arizona,2070,202445.94
Arizona,2087,197647.77
Arizona,2091,183755.83
New York,2020,386418.775
New York,2021,453098.47599999997
New York,2022,445791.095
New York,2024,417483.1175
New York,2025,464609.81
New York,2026,383573.82
New York,2027,441750.11
New York,2028,430274.19500000007
New York,2029,412229.59
New York,2030,432254.32
New York,2033,420070.64
New York,2034,439082.1488888889
New York,2035,440237.54500000004
New York,2036,426291.4600000001
New York,2040,435833.83
New York,2043,440549.7933333333
New York,2044,431622.265
New York,2045,425449.5733333333
New York,2047,437869.66
New York,2049,409158.3000000001
New York,2051,445605.61
New York,2054,408079.39
New York,2055,424484.88
New York,2056,445737.34
New York,2058,448374.65
New York,2060,354844.48
New York,2061,445075.59
New York,2062,454350.95
New York,2074,447988.52
New York,2096,436977.91
New York,2098,439241.66
p113,2022,52614.0875
p113,2023,46745.85666666667
p113,2024,53289.43
p113,2025,54484.545
p113,2029,51724.51
p113,2034,59850.16
p113,2039,54369.31666666667
p113,2044,42861.39
p113,2054,56883.26
p113,2062,57830.4
p113,2069,50593.47
p113,2074,58247.13
p113,2079,55082.73
Illinois,2021,469398.3499999999
Illinois,2022,471605.1433333333
Illinois,2023,446400.80666666664
Illinois,2024,449218.345
Illinois,2025,466340.63
Illinois,2029,452037.07499999995
Illinois,2034,480964.3
Illinois,2036,460465.0800000001
Illinois,2037,440915.88000000006
Illinois,2039,500795.78
Illinois,2040,449404.3300000001
Illinois,2049,440698.13
Illinois,2051,459730.37
Illinois,2054,485290.88
Illinois,2059,499109.90499999997
Illinois,2062,493180.58499999996
Illinois,2063,502159.21
Illinois,2065,489188.52
Illinois,2074,493334.84
Illinois,2079,487861.3
Illinois,2099,478591.48
p96,2020,217233.87
p96,2021,210418.90333333332
p96,2022,223221.24333333332
p96,2023,225494.03
p96,2025,231320.36666666667
p96,2026,236608.0
p96,2029,211839.3175
p96,2031,198907.9
p96,2034,212871.765
p96,2036,213173.11
p96,2043,213939.43
p96,2045,200453.58
p96,2054,214185.835
p96,2055,195858.1
p96,2058,205913.94
p96,2060,202927.82
p96,2062,237529.77
p96,2063,213751.215
p96,2065,232773.805
p96,2066,223572.42
p96,2069,213453.33
p96,2074,210178.82
p96,2083,203917.18
p96,2094,207472.73
Louisiana,2020,284024.68
Louisiana,2022,305811.8925
Louisiana,2023,292389.014
Louisiana,2024,274182.17
Louisiana,2025,302318.68799999997
Louisiana,2028,277969.75
Louisiana,2029,309422.845
Louisiana,2034,294407.92000000004
Louisiana,2036,293651.27
Louisiana,2043,277739.86
Louisiana,2050,285428.56666666665
Louisiana,2054,293059.28
Louisiana,2055,297949.48000000004
Louisiana,2058,302128.8725
Louisiana,2062,309320.4
Louisiana,2063,284627.7475
Louisiana,2065,300214.2766666667
Louisiana,2069,310630.0833333333
Louisiana,2076,299779.36
Louisiana,2098,299919.23
p65,2022,200538.18
p65,2023,187019.94199999998
p65,2025,190635.09
p65,2029,193237.81999999998
p65,2051,199248.29
p65,2058,191008.52
p65,2062,194708.93
p65,2063,182227.30000000002
p65,2069,190937.81999999998
Alabama,2022,367093.04000000004
Alabama,2023,353097.7966666667
Alabama,2025,376066.09
Alabama,2026,349634.255
Alabama,2029,364584.0433333333
Alabama,2033,319416.37
Alabama,2034,373160.37
Alabama,2036,367109.705
Alabama,2043,336109.07
Alabama,2054,380043.38
Alabama,2055,348282.3
Alabama,2062,370985.33999999997
Alabama,2063,349680.42
Alabama,2065,380659.76
Alabama,2069,349796.09
Alabama,2074,354854.6
Alabama,2076,349348.75
Alabama,2094,362723.66
p46,2022,27066.17142857143
p46,2023,28274.48
p46,2024,26083.13
p46,2025,28015.16
p46,2034,28665.88
p46,2036,27680.303333333333
p46,2037,25929.72
p46,2059,28435.93
p46,2062,28590.77
p46,2074,28320.605
p46,2076,26999.6175
p19,2020,345.56
p19,2022,343.78416666666664
p19,2023,344.4683333333333
p19,2024,347.23
p19,2025,338.5884615384615
p19,2029,347.40000000000003
p19,2030,340.242
p19,2032,329.2
p19,2034,338.694
p19,2036,350.28444444444443
p19,2037,353.2916666666667
p19,2043,329.3
p19,2044,353.06
p19,2045,348.32
p19,2048,349.93
p19,2051,341.36
p19,2053,331.66
p19,2054,316.14
p19,2059,324.40999999999997
p19,2060,345.5
p19,2062,341.8066666666667
p19,2063,341.995
p19,2065,336.79333333333335
p19,2069,340.735
p19,2070,346.675
p19,2074,337.84
p19,2076,344.56
p19,2077,352.23
p19,2085,336.435
p22,2020,6087.775
p22,2021,5876.8150000000005
p22,2022,5722.18
p22,2023,3660.006666666666
p22,2024,6152.69
p22,2025,5281.115
p22,2029,4990.608333333334
p22,2030,3597.19625
p22,2033,5854.13
p22,2034,5655.395
p22,2036,5613.016666666666
p22,2037,5975.8966666666665
p22,2038,3733.92
p22,2046,5451.54
p22,2048,3793.2799999999997
p22,2051,5821.41
p22,2053,3288.9750000000004
p22,2054,5830.37
p22,2056,3274.46
p22,2059,5406.16
p22,2061,5859.49
p22,2062,5858.66
p22,2063,3661.0183333333334
p22,2065,4732.6425
p22,2069,4695.382
p22,2070,3634.8137500000003
p22,2076,5385.53
p22,2077,6068.35
p22,2094,5402.16
p27,2025,21319.55
p27,2028,23603.46
p27,2029,21954.14
p27,2030,23418.108333333334
p27,2047,22601.54
p27,2051,20256.45
p27,2053,22525.144999999997
p27,2069,21486.82
p27,2070,23458.449999999997
North Dakota,2020,40624.65
North Dakota,2022,43159.863333333335
North Dakota,2023,44277.17
North Dakota,2024,41390.2
North Dakota,2025,42868.43
North Dakota,2029,42857.87
North Dakota,2030,45030.435
North Dakota,2034,43598.056
North Dakota,2036,43068.5225
North Dakota,2044,43909.490000000005
North Dakota,2049,43949.11
North Dakota,2059,42567.935
North Dakota,2062,42210.8025
North Dakota,2063,42577.3
North Dakota,2065,41691.323333333334
North Dakota,2069,40882.46
North Dakota,2070,44746.96
North Dakota,2074,43237.583333333336
North Dakota,2076,41980.05333333334
p43,2022,187493.3975
p43,2023,198229.5025
p43,2024,182755.88
p43,2030,199857.02
p43,2034,195939.00666666668
p43,2036,193585.89666666664
p43,2049,180163.21
p43,2059,198598.33
p43,2062,196294.68
p43,2063,199436.11
p43,2074,195002.22
p43,2076,188275.9675
p78,2021,23516.6
p78,2022,22054.501666666667
p78,2023,19880.9125
p78,2024,21068.36
p78,2025,20328.18
p78,2028,24222.074999999997
p78,2034,24706.095
p78,2036,23407.010000000002
p78,2039,24287.73
p78,2049,22499.555
p78,2054,23773.975
p78,2059,24832.625
p78,2062,24384.605
p78,2074,24044.92
p78,2076,23498.6775
p78,2099,22590.35
p60,2022,12707.3
p60,2023,11972.046666666667
p60,2025,11105.39
p60,2029,12242.55
p60,2051,12573.35
p60,2053,11107.83
p60,2063,12584.69
p60,2069,12458.105
p93,2020,56209.925
p93,2021,58160.384999999995
p93,2022,61937.7625
p93,2023,58941.9525
p93,2024,58876.64666666667
p93,2025,57765.740000000005
p93,2026,59681.685
p93,2028,52758.74
p93,2029,61769.054000000004
p93,2034,60902.25833333333
p93,2035,58598.52
p93,2036,57941.806666666664
p93,2037,56834.69
p93,2039,58108.65
p93,2040,57554.875
p93,2043,56701.2
p93,2044,53242.8
p93,2048,57853.29
p93,2049,56602.97
p93,2054,58305.862
p93,2055,56480.066000000006
p93,2058,57732.98
p93,2062,63468.51666666666
p93,2063,56844.415
p93,2064,57409.85
p93,2065,62440.40666666667
p93,2066,58849.12
p93,2069,61738.746666666666
p93,2074,63230.494999999995
p93,2076,58540.92
p93,2094,59756.22
p93,2095,54652.62
Florida,2020,792155.38
Florida,2021,939471.95
Florida,2022,914248.7
Florida,2023,914246.23
Florida,2025,993074.79
Florida,2026,925620.15
Florida,2029,934659.895
Florida,2036,835652.04
Florida,2040,731289.59
Florida,2043,910820.82
Florida,2050,825013.4400000001
Florida,2061,879943.6599999999
Florida,2063,859122.28
Florida,2065,936688.45
Florida,2066,882042.4300000002
Florida,2069,912314.59
p116,2021,66033.66
p116,2022,66843.83
p116,2023,61033.543333333335
p116,2024,63164.86
p116,2025,67090.18333333333
p116,2028,66334.41
p116,2029,63409.293333333335
p116,2033,60209.0
p116,2034,66218.388
p116,2035,63040.83
p116,2036,63867.255
p116,2054,66356.125
p116,2055,59871.31
p116,2059,64109.585
p116,2062,67496.91666666667
p116,2063,53516.3
p116,2064,62626.73
p116,2065,68091.29500000001
p116,2069,61006.85
p116,2074,66268.47333333334
p116,2094,65132.89
p116,2095,57874.35
p5,2020,130308.00666666667
p5,2022,126564.25
p5,2023,131086.242
p5,2025,119917.526
p5,2029,131101.36250000002
p5,2030,132331.2185714286
p5,2033,125918.86
p5,2035,120028.13
p5,2036,128506.65
p5,2038,129866.015
p5,2051,115506.52
p5,2053,130271.42
p5,2060,127329.985
p5,2063,128181.9575
p5,2069,127562.0575
p5,2070,133006.114
p104,2021,31496.95
p104,2022,32773.9
p104,2024,31150.47
p104,2034,32171.226666666666
p104,2051,31233.82
p104,2062,33747.29
p127,2020,331456.875
p127,2021,391511.002
p127,2022,384883.748
p127,2024,361351.495
p127,2025,400126.85
p127,2026,330902.06
p127,2027,381872.085
p127,2028,371411.61
p127,2029,353561.72
p127,2030,372492.64
p127,2033,362551.83
p127,2034,379640.12222222215
p127,2035,380102.575
p127,2036,368006.565
p127,2040,387269.025
p127,2043,380675.17333333334
p127,2044,369104.1133333333
p127,2045,367877.37333333335
p127,2047,377783.68
p127,2051,384905.74
p127,2054,352905.29
p127,2055,366394.1975
p127,2056,383362.39
p127,2058,386202.88
p127,2060,304434.44
p127,2061,384816.24
p127,2062,391919.8
p127,2098,378153.87
Michigan,2022,345571.26
Michigan,2024,312738.51
Michigan,2034,350934.14
Michigan,2062,344461.97
Michigan,2074,343472.17000000004
Utah,2022,84013.225
Utah,2024,87884.36
Utah,2025,80419.23999999999
Utah,2029,87025.65000000001
Utah,2030,92294.336
Utah,2053,89602.28
Utah,2069,86019.725
Utah,2070,94346.54333333333
p99,2020,289248.94
p99,2021,347936.175
p99,2022,363161.554
p99,2023,341003.95
p99,2024,334097.8133333333
p99,2025,376142.1366666667
p99,2027,337818.8733333333
p99,2028,349121.93
p99,2029,337881.2133333333
p99,2033,310357.9
p99,2034,366176.14999999997
p99,2035,333880.93
p99,2036,348180.86
p99,2037,336024.92
p99,2040,325009.78
p99,2045,333272.38
p99,2049,313706.8233333333
p99,2054,349838.155
p99,2055,336248.75666666665
p99,2058,338875.64666666667
p99,2059,346318.42
p99,2062,356631.37666666665
p99,2063,343731.205
p99,2065,371284.07999999996
p99,2074,364488.66500000004
p99,2076,329824.16000000003
p99,2095,326233.17
p99,2098,334038.64
New Hampshire,2020,31688.995
New Hampshire,2021,35220.56
New Hampshire,2022,35553.39
New Hampshire,2028,35888.81
New Hampshire,2034,35967.05
New Hampshire,2035,35087.5
New Hampshire,2043,33968.65285714286
New Hampshire,2044,35189.08666666667
New Hampshire,2047,34039.37
New Hampshire,2051,36029.27
New Hampshire,2055,33180.145000000004
New Hampshire,2056,35140.41
New Hampshire,2058,35651.67
New Hampshire,2060,29572.13
New Hampshire,2061,35026.37
New Hampshire,2074,36492.86
New Hampshire,2095,34349.75
p81,2022,83035.82333333333
p81,2023,83804.726
p81,2024,78822.985
p81,2025,78083.9675
p81,2029,86058.038
p81,2034,87246.91666666667
p81,2036,83091.79000000001
p81,2037,81385.405
p81,2039,83143.64
p81,2040,79008.48
p81,2049,83003.68000000001
p81,2054,86328.29000000001
p81,2059,86302.8
p81,2062,85702.78
p81,2063,80670.11499999999
p81,2065,87827.77
p81,2069,86977.925
p81,2074,86876.495
p81,2076,84353.9
p81,2079,84704.0
p81,2094,83166.055
Tennessee,2020,369903.355
Tennessee,2021,390729.93
Tennessee,2022,450946.4366666667
Tennessee,2023,404276.73750000005
Tennessee,2024,395966.65
Tennessee,2025,420879.16
Tennessee,2026,412253.46499999997
Tennessee,2029,420212.65
Tennessee,2034,426053.1066666667
Tennessee,2036,419242.67
Tennessee,2037,373621.635
Tennessee,2040,366440.62
Tennessee,2043,385751.23
Tennessee,2049,378909.95
Tennessee,2054,395292.71499999997
Tennessee,2055,375273.13
Tennessee,2058,391533.98
Tennessee,2060,359057.76
Tennessee,2062,436951.2233333333
Tennessee,2063,392574.74666666664
Tennessee,2064,369252.94
Tennessee,2065,464071.255
Tennessee,2069,409930.2033333333
Tennessee,2074,418889.295
Tennessee,2076,414648.54
Tennessee,2094,409272.39
Rhode Island,2020,22484.035
Rhode Island,2021,24423.462
Rhode Island,2022,24047.9
Rhode Island,2023,25093.4
Rhode Island,2027,23125.765
Rhode Island,2028,24656.0
Rhode Island,2033,23460.445
Rhode Island,2034,24640.301666666666
Rhode Island,2035,24410.285
Rhode Island,2036,23420.425000000003
Rhode Island,2040,23203.3925
Rhode Island,2043,24723.78
Rhode Island,2044,24058.945
Rhode Island,2045,22566.26
Rhode Island,2047,23945.18
Rhode Island,2051,24696.94
Rhode Island,2054,22373.75
Rhode Island,2055,22974.73857142857
Rhode Island,2056,25120.76
Rhode Island,2058,25169.05
Rhode Island,2061,24596.09
Rhode Island,2062,24870.54
Rhode Island,2074,24928.89
Rhode Island,2076,24539.7
Rhode Island,2084,22817.97
Rhode Island,2095,23847.69
Rhode Island,2096,24511.92
Rhode Island,2098,24834.83
Texas,2022,1232761.7000000002
Texas,2023,1226630.0720000002
Texas,2025,1158748.545
Texas,2029,1227524.44
Texas,2036,1164777.42
Texas,2050,1098799.85
Texas,2051,1254577.17
Texas,2058,1216567.76
Texas,2062,1271609.0
Texas,2063,1203877.0499999998
Texas,2069,1244468.7033333334
Texas,2091,1092081.9500000002
p51,2022,74483.455
p51,2023,76506.63
p51,2025,67472.61
p51,2028,66709.1
p51,2029,78224.755
p51,2036,67854.93666666666
p51,2047,71119.21
p51,2051,70761.005
p51,2062,73495.22
p51,2063,69061.56
p51,2065,73878.95
p51,2069,78406.92
p51,2091,66946.70999999999
Georgia,2020,512204.04
Georgia,2021,526863.54
Georgia,2022,550916.086
Georgia,2023,538936.4766666667
Georgia,2025,574742.3525
Georgia,2026,556013.265
Georgia,2029,520060.4633333334
Georgia,2031,480728.69
Georgia,2034,544202.49
Georgia,2036,544303.72
Georgia,2037,494640.26
Georgia,2043,515958.15
Georgia,2054,540991.235
Georgia,2055,522694.16
Georgia,2060,481262.84
Georgia,2062,556152.4366666666
Georgia,2063,515443.87999999995
Georgia,2065,593373.29
Georgia,2066,555899.55
Georgia,2069,513829.03
Georgia,2074,554858.9
Georgia,2076,523047.47
Georgia,2083,492731.36
Georgia,2094,569536.97
p72,2020,134451.58
p72,2021,148943.23
p72,2022,148458.28
p72,2023,150000.1475
p72,2025,154427.265
p72,2029,155146.24
p72,2030,150744.0
p72,2034,153047.95666666667
p72,2036,145414.92333333334
p72,2037,134654.54
p72,2039,151475.43
p72,2040,147633.19
p72,2051,143857.78
p72,2054,153664.94
p72,2059,150934.56
p72,2062,154636.04
p72,2063,147996.35
p72,2065,158610.32
p72,2069,155114.02333333335
p72,2074,151974.91499999998
p72,2094,148885.04499999998
p49,2022,2034.36
p49,2023,2162.17
p49,2024,2155.1000000000004
p49,2025,2075.9300000000003
p49,2028,2176.42
p49,2029,2071.835
p49,2030,2171.5074999999997
p49,2031,2081.54
p49,2036,1970.245
p49,2051,2022.96
p49,2062,2071.39
p49,2063,2187.685
p49,2068,1987.26
p49,2069,2120.56
p49,2070,2215.08
p49,2076,1916.54
p16,2022,13852.236666666666
p16,2023,16849.2
p16,2024,14950.32
p16,2025,13912.943333333335
p16,2029,14295.345000000001
p16,2030,17247.024999999998
p16,2036,12782.53
p16,2057,13671.06
p16,2063,15776.84
p16,2064,14703.92
p16,2065,12894.59
p16,2070,17353.976666666666
p35,2020,1966.4966666666667
p35,2022,1968.8580000000002
p35,2023,2017.7983333333334
p35,2025,1957.195
p35,2029,1996.6680000000001
p35,2030,1986.9133333333332
p35,2032,1927.97
p35,2033,1959.66
p35,2034,1949.46
p35,2036,1986.9975
p35,2037,1971.455
p35,2044,2000.4
p35,2045,1933.3033333333333
p35,2048,2062.17
p35,2050,2000.62
p35,2051,1959.6
p35,2053,2032.325
p35,2056,1941.28
p35,2059,1876.72
p35,2062,1945.578
p35,2063,1988.0049999999999
p35,2065,1959.105
p35,2069,1954.298
p35,2070,2071.3333333333335
p35,2074,1944.45
p35,2076,1938.5475
p30,2025,26230.879999999997
p30,2027,28368.448333333334
p30,2028,28841.13333333333
p30,2030,28009.8775
p30,2042,27055.88
p30,2043,28494.26
p30,2046,27301.27
p30,2047,27553.405
p30,2051,26728.75
p30,2053,27879.02
p30,2065,26164.29
p30,2067,27869.61
p30,2070,27552.585
p30,2087,26639.42
p30,2091,26070.925
p30,2093,27374.3
p28,2025,139160.75
p28,2027,144136.39666666664
p28,2028,147501.8575
p28,2030,147022.21
p28,2042,145325.36
p28,2047,151347.53
p28,2051,140804.91
p28,2053,151454.18333333332
p28,2065,136415.85
p28,2067,137714.67
p28,2070,148776.435
p28,2087,146157.06
p28,2091,133069.62
p13,2022,58502.32
p13,2025,56736.206666666665
p13,2027,55705.825
p13,2028,60202.926666666666
p13,2029,62147.619999999995
p13,2030,61708.255000000005
p13,2047,59173.85
p13,2051,57644.78
p13,2053,60072.59666666666
p13,2069,60119.145000000004
p13,2070,60196.20166666667
p13,2093,59012.31
p77,2022,8991.313333333334
p77,2023,9060.593333333332
p77,2024,8631.14
p77,2025,8291.22
p77,2028,9644.69
p77,2034,9921.68
p77,2036,9412.47
p77,2049,9596.26
p77,2054,9570.47
p77,2059,9857.875
p77,2062,9812.75
p77,2074,9724.9
p77,2076,9415.7625
Colorado,2022,157856.845
Colorado,2023,180154.56666666668
Colorado,2024,165872.14
Colorado,2025,154656.28
Colorado,2029,164534.51400000002
Colorado,2030,174653.98333333334
Colorado,2036,154834.49000000002
Colorado,2037,166863.11
Colorado,2038,172409.1
Colorado,2051,164108.33333333334
Colorado,2054,169012.2775
Colorado,2062,149500.41999999998
Colorado,2063,178349.27000000002
Colorado,2064,163799.27
Colorado,2065,153569.93333333332
Colorado,2069,167907.665
Colorado,2070,175818.04
Colorado,2091,164750.78
Colorado,2094,154686.03999999998
p54,2022,89108.715
p54,2023,87153.1275
p54,2025,80489.17
p54,2029,85902.44
p54,2036,77796.47
p54,2040,79052.82
p54,2062,86191.42
p54,2069,86299.74
p84,2020,16589.34
p84,2021,17813.53
p84,2022,19746.656666666666
p84,2023,19359.366
p84,2024,16874.36
p84,2025,18988.802499999998
p84,2026,17763.25
p84,2029,19143.96
p84,2034,19499.205
p84,2036,18382.486666666668
p84,2037,18261.0
p84,2039,18028.68
p84,2040,18439.02
p84,2041,17909.41
p84,2054,18337.695
p84,2058,17910.58
p84,2062,18817.94
p84,2063,19459.8
p84,2065,19922.62
p84,2069,19606.235
p84,2076,17839.114999999998
p84,2094,18086.07
p119,2020,10886.08
p119,2021,13980.72
p119,2022,14206.730000000001
p119,2023,14029.47
p119,2024,13121.06
p119,2025,14152.165
p119,2034,14016.995
p119,2054,14052.91
p119,2055,12241.71
p119,2062,14463.7
p119,2065,14405.45
p119,2074,14733.71
p122,2020,334504.435
p122,2021,393661.5333333334
p122,2022,400924.9875
p122,2023,371182.415
p122,2024,362401.375
p122,2025,433900.01
p122,2027,380999.9733333333
p122,2029,369672.615
p122,2033,361447.11
p122,2034,400103.32
p122,2036,386474.76
p122,2045,374474.26
p122,2049,354585.44
p122,2054,396614.65
p122,2055,374503.35
p122,2056,385914.16
p122,2058,386421.17
p122,2059,400463.37
p122,2060,307059.01
p122,2061,384813.47
p122,2062,401540.41
p122,2065,413327.02
p122,2074,379838.76333333337
p101,2020,473458.96
p101,2021,522679.225
p101,2022,553910.04
p101,2023,563349.24
p101,2025,570189.4266666666
p101,2026,573518.51
p101,2029,568847.375
p101,2036,508382.49
p101,2040,450410.45
p101,2043,568692.38
p101,2050,478121.48
p101,2061,548357.6
p101,2062,523869.74
p101,2063,524146.075
p101,2065,577788.06
p101,2066,539715.68
p101,2069,558267.1
p101,2076,473418.61
p101,2090,457788.93
p82,2022,29527.273333333334
p82,2023,28935.61
p82,2025,28383.95
p82,2029,30130.51
p82,2034,31955.27
p82,2036,28472.85
p82,2037,28419.08
p82,2039,31351.135000000002
p82,2054,31033.455
p82,2059,31651.09
p82,2062,30622.72
p82,2065,31225.18
p82,2079,31452.18
p107,2021,92707.23
p107,2022,94251.182
p107,2023,92688.15666666666
p107,2024,92561.4
p107,2025,98518.345
p107,2029,99190.05333333334
p107,2034,97900.2875
p107,2037,88129.09
p107,2039,95947.94
p107,2040,95255.1
p107,2044,86143.83
p107,2054,95306.40000000001
p107,2059,95805.1
p107,2062,97996.59000000001
p107,2063,91146.61499999999
p107,2065,99490.45
p107,2069,98070.375
p107,2074,99895.23000000001
p107,2084,77576.19
p124,2020,1637.6766666666665
p124,2021,1845.9766666666667
p124,2022,1877.806
p124,2023,1708.9166666666667
p124,2024,1796.165
p124,2025,1889.6666666666667
p124,2026,1556.77
p124,2028,1768.256666666667
p124,2029,1787.53
p124,2033,1770.62
p124,2034,1907.39
p124,2035,1795.31
p124,2036,1832.52
p124,2037,1781.0
p124,2040,1832.85
p124,2043,1677.48
p124,2044,1757.82
p124,2045,1744.305
p124,2049,1752.04
p124,2054,1796.12
p124,2055,1764.3
p124,2058,1756.435
p124,2059,1826.9099999999999
p124,2060,1461.76
p124,2062,1844.32
p124,2063,1630.84
p124,2065,1867.7849999999999
p124,2074,1822.5666666666666
p124,2094,1777.82
p124,2095,1737.975
p15,2020,46650.89
p15,2022,46058.01
p15,2023,46186.6025
p15,2025,44269.41
p15,2029,45842.218
p15,2030,47128.99375
p15,2036,44507.90333333333
p15,2038,45302.450000000004
p15,2057,48406.55
p15,2062,45749.84
p15,2063,43691.9
p15,2069,44589.48
p15,2070,47717.920000000006
p15,2097,47322.005000000005
p36,2022,11708.37875
p36,2023,12062.43
p36,2025,11587.15
p36,2029,11572.539999999999
p36,2030,12118.23
p36,2034,11669.15
p36,2036,11662.978571428572
p36,2037,11435.933333333334
p36,2044,11778.18
p36,2048,11825.57
p36,2049,11859.08
p36,2059,11058.81
p36,2062,11818.564999999999
p36,2063,11791.94
p36,2065,11516.23
p36,2069,11169.97
p36,2070,12016.94
p36,2074,11843.21
p36,2076,11468.95
New Jersey,2020,231512.69333333333
New Jersey,2021,252774.2425
New Jersey,2022,263098.47500000003
New Jersey,2023,240881.715
New Jersey,2024,236402.795
New Jersey,2025,278483.35
New Jersey,2027,251969.71600000001
New Jersey,2028,246165.095
New Jersey,2029,240493.57
New Jersey,2033,240298.72
New Jersey,2034,252858.35857142857
New Jersey,2035,247114.965
New Jersey,2036,243215.32666666666
New Jersey,2040,242587.175
New Jersey,2043,255809.40000000002
New Jersey,2044,238624.58000000002
New Jersey,2045,245985.25
New Jersey,2049,233331.0
New Jersey,2054,236936.15
New Jersey,2055,245866.19
New Jersey,2056,256905.13
New Jersey,2058,257307.2
New Jersey,2060,220099.99
New Jersey,2061,250918.14500000002
New Jersey,2062,257287.77000000002
New Jersey,2065,266766.04
New Jersey,2067,251103.2766666667
New Jersey,2074,260314.24
New Jersey,2076,245133.79
New Jersey,2098,247688.75
p52,2022,4555.22
p52,2023,5026.163333333333
p52,2024,4919.375
p52,2028,4870.08
p52,2029,4915.965
p52,2030,5042.893333333333
p52,2031,4860.46
p52,2036,4627.0650000000005
p52,2056,4824.97
p52,2063,4875.98
p52,2069,4912.88
p52,2070,5105.985
Ohio,2021,570092.62
Ohio,2022,585565.9733333333
Ohio,2023,444506.44
Ohio,2024,554842.7999999999
Ohio,2025,596554.7250000001
Ohio,2029,533628.48
Ohio,2034,619925.64
Ohio,2039,574241.36
Ohio,2054,584866.18
Ohio,2055,493614.91
Ohio,2062,613816.56
Ohio,2074,607050.6699999999
p69,2022,15639.163333333336
p69,2023,15689.443333333335
p69,2024,14791.35
p69,2036,15801.494
p69,2062,15950.93
p69,2076,15588.505000000001
Oregon,2020,169880.115
Oregon,2022,166093.66
Oregon,2023,173716.4625
Oregon,2025,153502.975
Oregon,2029,168753.285
Oregon,2030,172521.61428571428
Oregon,2033,165271.07
Oregon,2035,156181.57
Oregon,2038,170552.52000000002
Oregon,2051,151175.07
Oregon,2053,170943.86
Oregon,2060,167615.64500000002
Oregon,2063,166143.575
Oregon,2069,164563.5075
Oregon,2070,172565.87
Oregon,2078,168390.97999999998
p71,2021,7382.71
p71,2022,7423.315714285714
p71,2023,7602.4175000000005
p71,2024,7048.77
p71,2025,7355.135
p71,2028,6708.74
p71,2029,7984.163333333333
p71,2034,7546.555
p71,2036,7354.11
p71,2037,7585.79
p71,2039,7416.113333333332
p71,2040,7630.9766666666665
p71,2051,7119.76
p71,2054,7645.755
p71,2059,7760.79
p71,2062,7901.97
p71,2063,7203.13
p71,2065,7972.37
p71,2069,7668.98
p71,2076,7162.345
p74,2022,6519.84
p74,2024,5997.49
p74,2036,5901.53
p57,2021,22899.62
p57,2022,24070.315
p57,2023,25227.523333333334
p57,2025,24221.899999999998
p57,2028,22673.9
p57,2029,25433.3975
p57,2036,23366.8875
p57,2040,23134.13
p57,2050,22755.895
p57,2051,23675.585
p57,2054,24512.44
p57,2058,24437.074999999997
p57,2062,23743.754999999997
p57,2063,24354.52
p57,2065,24247.879999999997
p57,2068,22075.51
p57,2069,25621.86
p57,2076,23531.025
p33,2022,114842.92499999999
p33,2023,134050.22
p33,2024,120837.95
p33,2025,112000.52666666666
p33,2029,120390.73400000001
p33,2030,129373.08666666667
p33,2036,106341.64499999999
p33,2037,121952.86
p33,2038,127590.13
p33,2042,104922.79
p33,2049,126162.23
p33,2051,119536.94333333334
p33,2053,124804.11499999999
p33,2054,124425.79000000001
p33,2057,107224.12
p33,2062,108199.46
p33,2063,132188.88
p33,2064,119287.78
p33,2065,108825.18
p33,2069,122829.70000000001
p33,2070,130085.8
p33,2091,119755.61
p33,2094,112196.65
usa,2022,12646976.562499998
usa,2023,12337687.083333334
usa,2024,11520357.579999996
usa,2025,12405894.320000002
usa,2029,12401027.016666671
usa,2034,12861301.209999995
usa,2036,12000644.773333332
usa,2037,11354009.620000005
usa,2054,12708630.91
usa,2062,12695135.355000006
usa,2063,11671845.01
usa,2065,13219303.830000002
usa,2069,12130811.684999999
p10,2025,319079.29000000004
p10,2027,319266.06
p10,2028,347906.89249999996
p10,2029,346698.6675
p10,2030,341072.8822222222
p10,2047,349032.4666666666
p10,2053,342725.93
p10,2067,310368.51
p10,2069,347910.03500000003
p10,2070,338884.3125
p10,2087,350406.77
p121,2020,20633.36
p121,2021,25844.54
p121,2022,26045.855
p121,2023,23819.34
p121,2024,24430.626666666667
p121,2025,26158.016666666666
p121,2027,24118.735
p121,2028,25776.4
p121,2029,23758.17
p121,2033,22971.11333333333
p121,2034,25758.19
p121,2036,25267.003333333338
p121,2054,26311.54
p121,2055,23960.006666666664
p121,2056,24925.64
p121,2059,26497.09
p121,2062,26236.496666666662
p121,2063,21820.26
p121,2064,24042.47
p121,2065,26367.09
p121,2074,25837.475
p121,2094,25484.21
p121,2095,22292.17
Iowa,2022,147183.23249999998
Iowa,2023,151454.215
Iowa,2024,142866.45
Iowa,2025,151085.61000000002
Iowa,2036,152252.386
Iowa,2039,154157.63999999998
Iowa,2049,156685.49
Iowa,2059,157621.58
Iowa,2062,155098.26
Iowa,2076,149815.01
p9,2025,314405.07
p9,2028,324205.575
p9,2029,319287.86
p9,2030,325192.2871428571
p9,2037,318303.86
p9,2038,325332.10000000003
p9,2042,321212.88
p9,2047,310049.36
p9,2049,323213.65
p9,2053,323090.29000000004
p9,2069,314865.0266666667
p9,2070,323234.32999999996
p9,2078,320279.83
Montana,2020,49613.066
Montana,2021,48104.79000000001
Montana,2022,47776.83
Montana,2023,49840.61714285715
Montana,2025,47711.678
Montana,2029,50982.636
Montana,2030,50664.138571428564
Montana,2034,47571.75
Montana,2036,48830.69
Montana,2037,48862.39
Montana,2044,49120.67
Montana,2046,46829.75000000001
Montana,2048,50263.4
Montana,2053,46577.91
Montana,2054,48354.705
Montana,2059,46432.01
Montana,2063,49364.842
Montana,2069,50481.29
Montana,2070,50102.57
Montana,2076,46480.13
p102,2020,275785.32
p102,2021,288683.025
p102,2022,290521.93
p102,2023,306236.48
p102,2025,320662.35
p102,2026,305039.15
p102,2029,296099.76
p102,2036,279175.33
p102,2048,303468.24
p102,2049,283059.47
p102,2050,297542.005
p102,2063,291858.01
p102,2065,333257.95
p102,2066,297457.2
p102,2069,302242.115
p87,2022,138812.87
p87,2023,132913.706
p87,2024,126034.71
p87,2025,142237.21666666667
p87,2029,147010.58666666667
p87,2034,138548.69
p87,2036,134494.4675
p87,2043,129376.59
p87,2050,128255.98999999999
p87,2054,142033.76
p87,2055,135315.12
p87,2058,133375.125
p87,2062,141651.0
p87,2063,129455.68333333333
p87,2065,142385.075
p87,2069,139863.46
p87,2076,133824.19
p87,2094,135953.39
p87,2098,131980.56
Massachusetts,2020,166594.66499999998
Massachusetts,2021,181834.68
Massachusetts,2022,182558.8525
Massachusetts,2027,174469.015
Massachusetts,2028,185307.07
Massachusetts,2033,173413.51
Massachusetts,2034,184431.8025
Massachusetts,2035,183608.39500000002
Massachusetts,2036,172916.87
Massachusetts,2043,179304.21
Massachusetts,2044,180773.4475
Massachusetts,2051,185863.23
Massachusetts,2054,168690.83
Massachusetts,2055,171574.574
Massachusetts,2056,186904.51
Massachusetts,2058,186608.21
Massachusetts,2060,149039.57
Massachusetts,2061,182261.37
Massachusetts,2074,187665.93
Massachusetts,2095,179319.95
p95,2020,97703.92
p95,2021,99044.65
p95,2022,105580.8325
p95,2023,100870.37666666666
p95,2025,107190.045
p95,2026,106599.165
p95,2029,98909.95
p95,2031,92135.57
p95,2033,98159.67
p95,2034,106225.45
p95,2036,102629.77999999998
p95,2043,97430.78
p95,2049,93775.07
p95,2054,100429.955
p95,2055,99163.08666666667
p95,2060,92819.55
p95,2062,108620.29500000001
p95,2063,99150.48
p95,2065,108252.13500000001
p95,2066,107092.77
p95,2069,102439.52
p95,2074,104680.975
p95,2083,94032.33
p95,2094,104503.37
p95,2095,89854.28
California,2025,628276.77
California,2027,648727.2375
California,2028,727883.23
California,2029,718388.132
California,2030,722148.71125
California,2038,721292.98
California,2042,724765.05
California,2047,717279.2999999999
California,2053,708001.7366666667
California,2058,695720.8999999999
California,2067,649736.82
California,2069,710176.3566666666
California,2070,711442.3933333332
California,2087,719842.1300000001
p108,2020,33920.24
p108,2021,36550.445
p108,2022,37916.697499999995
p108,2023,36348.528000000006
p108,2024,36164.74
p108,2025,34837.54714285714
p108,2026,38393.52
p108,2029,38727.9675
p108,2034,38243.418333333335
p108,2035,37173.21
p108,2036,38010.36
p108,2037,35882.58
p108,2039,36965.59
p108,2040,33991.549999999996
p108,2043,33800.01
p108,2044,34883.08
p108,2048,37350.92
p108,2049,34105.56
p108,2054,36897.24
p108,2055,34989.155
p108,2058,36624.12
p108,2059,37617.94
p108,2060,33934.07
p108,2062,39568.11666666667
p108,2063,35207.47
p108,2064,34159.78
p108,2065,40317.405
p108,2069,38749.21666666667
p108,2074,40201.91
p108,2076,36826.57
p108,2084,32060.9
p108,2094,37097.43
p133,2020,22484.035
p133,2021,24423.462
p133,2022,24047.9
p133,2023,25093.4
p133,2027,23125.765
p133,2028,24656.0
p133,2033,23460.445
p133,2034,24640.301666666666
p133,2035,24410.285
p133,2036,23420.425000000003
p133,2040,23203.3925
p133,2043,24723.78
p133,2044,24058.945
p133,2045,22566.26
p133,2047,23945.18
p133,2051,24696.94
p133,2054,22373.75
p133,2055,22974.73857142857
p133,2056,25120.76
p133,2058,25169.05
p133,2061,24596.09
p133,2062,24870.54
p133,2074,24928.89
p133,2076,24539.7
p133,2084,22817.97
p133,2095,23847.69
p133,2096,24511.92
p133,2098,24834.83
p110,2020,23647.3775
p110,2021,25389.563333333335
p110,2022,27113.5
p110,2023,23514.170000000002
p110,2024,24641.410000000003
p110,2025,25828.874
p110,2026,25968.28
p110,2028,24229.809999999998
p110,2029,24494.1375
p110,2033,23203.74
p110,2034,25657.715
p110,2035,24706.29
p110,2036,26090.364999999998
p110,2037,23688.56
p110,2040,24700.13
p110,2043,24323.2
p110,2047,24531.86
p110,2048,24615.86
p110,2049,23806.93
p110,2054,24999.98
p110,2055,24258.166
p110,2059,25148.940000000002
p110,2060,22955.525
p110,2062,27258.873333333333
p110,2063,23749.673333333336
p110,2064,24507.0
p110,2065,27872.565000000002
p110,2066,25126.79
p110,2069,24566.673333333336
p110,2074,26181.293333333335
p110,2076,25041.775
p110,2094,24756.926666666666
p110,2095,23635.989999999998
p3,2020,43861.69
p3,2022,45881.305
p3,2023,45684.0325
p3,2025,44091.090000000004
p3,2029,43990.0225
p3,2030,48497.39142857143
p3,2033,44041.49
p3,2036,43540.206666666665
p3,2044,44360.84
p3,2048,45185.44
p3,2050,40703.9
p3,2051,40248.58
p3,2056,43028.3
p3,2057,42345.59
p3,2062,43982.84
p3,2063,45268.6
p3,2065,44144.235
p3,2069,43134.079999999994
p3,2070,47414.136666666665
p3,2073,43031.31
p3,2076,42357.12333333333
p3,2084,43287.99
p3,2088,45461.95
p21,2020,25657.8
p21,2021,24105.34
p21,2022,24162.765
p21,2023,27713.07
p21,2024,26130.79
p21,2025,24320.3
p21,2029,24667.192499999997
p21,2030,27865.596666666668
p21,2036,23184.13
p21,2037,25611.74
p21,2038,27784.85
p21,2046,23256.65
p21,2051,24337.595
p21,2053,25425.66
p21,2054,24700.675000000003
p21,2062,23162.239999999998
p21,2063,27580.175
p21,2064,25838.45
p21,2065,24008.466666666664
p21,2069,24791.22
p21,2070,27947.564000000002
p21,2076,22883.2
p39,2020,6175.7
p39,2021,5907.57
p39,2022,5954.246666666667
p39,2023,6546.656
p39,2024,6111.196666666667
p39,2025,6080.36625
p39,2026,5867.54
p39,2028,5968.5650000000005
p39,2029,6223.29375
p39,2030,6350.245
p39,2033,6045.56
p39,2034,5879.01
p39,2036,6008.545
p39,2037,5743.25
p39,2038,6035.0233333333335
p39,2046,5952.8
p39,2049,6073.825
p39,2051,6012.07
p39,2054,6059.81
p39,2056,6016.995
p39,2057,5976.985000000001
p39,2059,5707.6
p39,2060,5937.605
p39,2061,5813.37
p39,2062,5904.195
p39,2063,6455.068333333334
p39,2064,5940.1900000000005
p39,2065,6167.57
p39,2069,6206.4914285714285
p39,2070,6385.39
p39,2076,5875.655
p39,2077,5924.57
p39,2078,6104.39
p39,2086,5867.36
p39,2089,6045.76
p39,2096,6059.28
p66,2020,66319.18
p66,2021,66536.95
p66,2022,73308.94
p66,2023,71433.61166666666
p66,2024,68625.12
p66,2025,70545.472
p66,2029,70504.77500000001
p66,2030,68944.2
p66,2034,70219.37
p66,2036,71323.39666666667
p66,2050,71152.66
p66,2051,68957.16333333333
p66,2054,70007.40857142858
p66,2055,71299.89
p66,2057,67152.95
p66,2058,72543.34999999999
p66,2062,71436.23
p66,2063,69191.40333333334
p66,2064,62814.67
p66,2065,76528.64
p66,2069,72556.01999999999
p66,2070,68032.06
p66,2076,71457.94666666667
p66,2090,70914.83
p66,2094,69452.85500000001
p66,2098,71230.21666666666
p45,2021,35622.65
p45,2022,36319.392
p45,2023,37198.94714285714
p45,2024,34675.67
p45,2025,36191.060000000005
p45,2029,36933.125
p45,2034,36195.33
p45,2036,35893.21
p45,2049,37408.54
p45,2050,34248.71
p45,2062,37157.85
p45,2063,37713.3
p45,2076,35465.82
p40,2020,35896.66
p40,2021,35719.19
p40,2022,36735.25833333333
p40,2023,37177.477
p40,2024,35499.00666666666
p40,2025,34951.705
p40,2029,34848.944
p40,2030,36173.35333333333
p40,2033,35386.119999999995
p40,2034,36289.795
p40,2036,35501.094
p40,2037,36446.54
p40,2050,33960.56
p40,2061,34417.45
p40,2062,38449.52
p40,2063,36660.61
p40,2069,34936.45
p40,2070,36785.21333333333
p40,2074,36125.08
p40,2076,35403.345
p63,2022,407770.095
p63,2023,421121.63
p63,2025,374357.83499999996
p63,2029,430322.01666666666
p63,2036,381083.07499999995
p63,2051,421538.58999999997
p63,2062,420496.94
p63,2063,411908.88
p63,2069,434887.41500000004
p63,2091,367096.19
p58,2020,217443.52
p58,2022,233741.71250000002
p58,2023,221477.02599999998
p58,2024,207411.96
p58,2025,229417.57
p58,2028,214545.75
p58,2029,234197.0275
p58,2034,223379.51
p58,2036,221819.53333333333
p58,2043,211823.14
p58,2050,217869.65666666665
p58,2054,224943.2775
p58,2055,227147.27
p58,2057,206043.22
p58,2058,232180.48249999998
p58,2062,252709.76
p58,2063,217125.985
p58,2065,233567.7
p58,2069,236303.44999999998
p58,2076,225444.55000000002
p58,2098,216960.8
Wisconsin,2022,206825.50333333333
Wisconsin,2023,200695.77
Wisconsin,2024,200135.23000000004
Wisconsin,2025,196365.88
Wisconsin,2034,228624.995
Wisconsin,2036,213167.8525
Wisconsin,2049,211791.88
Wisconsin,2059,225137.725
Wisconsin,2062,228616.95
Wisconsin,2074,223078.96000000002
Wisconsin,2076,209210.95
p24,2020,22017.55
p24,2021,21083.335
p24,2022,21109.79
p24,2023,20410.435
p24,2024,21518.285000000003
p24,2025,20839.88125
p24,2029,21100.06375
p24,2030,20409.208333333332
p24,2031,19941.33
p24,2033,21443.440000000002
p24,2036,20320.17
p24,2037,21994.095
p24,2038,20076.106666666667
p24,2043,21287.28
p24,2046,20705.36
p24,2047,19846.71
p24,2049,20930.775
p24,2051,21414.163333333334
p24,2053,19601.955
p24,2054,20986.835
p24,2056,19374.37
p24,2057,21199.65
p24,2062,20382.745000000003
p24,2063,20231.735714285714
p24,2064,22045.71
p24,2065,20916.6575
p24,2069,21228.026
p24,2070,20368.558333333334
p24,2076,20294.6
p24,2077,22025.25
p24,2078,20233.18
p24,2086,20983.64
p24,2091,21258.760000000002
p24,2094,19879.41
p6,2020,36769.485
p6,2022,35423.35
p6,2023,35150.7
p6,2025,33618.37
p6,2028,34784.47
p6,2029,33969.547999999995
p6,2030,35959.91333333334
p6,2038,36275.74
p6,2049,35621.74
p6,2050,30511.25
p6,2051,32073.1
p6,2053,34429.55
p6,2057,33712.01
p6,2058,31244.41
p6,2060,36276.66
p6,2062,34956.27
p6,2063,33660.135
p6,2069,35080.825
p6,2070,35816.074
p6,2078,36326.83
p6,2093,35485.49
p115,2021,114765.54
p115,2022,116830.16666666667
p115,2023,91632.91
p115,2024,109227.33
p115,2025,112799.86666666665
p115,2029,105674.825
p115,2034,114348.906
p115,2054,115518.93
p115,2055,104993.265
p115,2062,119568.715
p115,2065,119335.75
p115,2074,122900.62
p88,2022,49745.81
p88,2023,45864.44
p88,2024,43872.04
p88,2025,48744.5925
p88,2026,46407.62
p88,2029,48840.35333333333
p88,2034,48943.675
p88,2036,47576.920000000006
p88,2040,41976.94
p88,2043,44404.79
p88,2050,44021.75
p88,2054,47449.130000000005
p88,2055,46527.0
p88,2058,47087.05
p88,2062,48311.31666666667
p88,2063,45147.395000000004
p88,2065,49885.14
p88,2069,47567.48
p88,2076,46589.556666666664
p90,2022,174816.67666666667
p90,2023,164883.02
p90,2025,174800.52000000002
p90,2026,168402.36
p90,2029,175365.78333333333
p90,2033,154690.63999999998
p90,2034,176350.64
p90,2036,172188.41
p90,2043,162633.04
p90,2054,184728.65
p90,2055,166346.47
p90,2058,166049.81
p90,2062,191614.86
p90,2063,168136.465
p90,2065,180490.86
p90,2069,173360.345
p90,2076,164077.47999999998
p90,2094,175635.7
