state,Year,Date
Idaho,2020,2020-07-22
Idaho,2020,2020-07-23
Idaho,2020,2020-07-28
Idaho,2020,2020-07-29
Idaho,2021,2021-07-04
Idaho,2021,2021-07-05
Idaho,2021,2021-08-07
Idaho,2021,2021-08-08
Idaho,2021,2021-08-12
Idaho,2021,2021-08-13
Idaho,2021,2021-08-23
Idaho,2022,2022-08-07
Idaho,2022,2022-08-08
Idaho,2022,2022-08-20
Idaho,2022,2022-08-21
Idaho,2023,2023-07-30
Idaho,2023,2023-07-31
Idaho,2023,2023-08-04
Idaho,2023,2023-08-05
Idaho,2023,2023-08-06
Idaho,2023,2023-08-07
Idaho,2023,2023-08-08
Idaho,2024,2024-06-28
Idaho,2024,2024-06-29
Idaho,2024,2024-07-17
Idaho,2024,2024-07-25
Idaho,2024,2024-08-09
Idaho,2024,2024-08-10
Idaho,2024,2024-08-11
Idaho,2025,2025-07-02
Idaho,2025,2025-07-03
Idaho,2025,2025-07-04
Idaho,2025,2025-07-05
Idaho,2025,2025-07-06
Idaho,2025,2025-07-07
Idaho,2025,2025-07-08
Idaho,2025,2025-07-09
Idaho,2025,2025-07-10
Idaho,2025,2025-07-11
Idaho,2025,2025-07-15
Idaho,2025,2025-07-16
Idaho,2025,2025-07-20
Idaho,2025,2025-07-21
Idaho,2025,2025-07-22
Idaho,2025,2025-07-26
Idaho,2025,2025-08-25
Idaho,2025,2025-08-26
Idaho,2026,2026-08-02
Idaho,2026,2026-08-03
Idaho,2026,2026-08-07
Idaho,2026,2026-08-08
Idaho,2026,2026-08-10
Idaho,2026,2026-08-11
Idaho,2026,2026-08-17
Idaho,2026,2026-08-18
Idaho,2026,2026-08-19
Idaho,2027,2027-07-26
Idaho,2027,2027-07-27
Idaho,2027,2027-08-04
Idaho,2027,2027-08-05
Idaho,2027,2027-08-09
Idaho,2027,2027-09-01
Idaho,2028,2028-06-16
Idaho,2028,2028-06-23
Idaho,2028,2028-07-20
Idaho,2028,2028-07-21
Idaho,2028,2028-07-22
Idaho,2028,2028-07-23
Idaho,2028,2028-07-24
Idaho,2028,2028-07-25
Idaho,2028,2028-07-26
Idaho,2028,2028-07-30
Idaho,2028,2028-07-31
Idaho,2028,2028-08-24
Idaho,2028,2028-08-25
Idaho,2028,2028-08-26
Idaho,2028,2028-09-02
Idaho,2028,2028-09-03
Idaho,2028,2028-09-04
Idaho,2028,2028-09-05
Idaho,2029,2029-07-07
Idaho,2029,2029-07-08
Idaho,2029,2029-07-14
Idaho,2029,2029-07-19
Idaho,2029,2029-07-20
Idaho,2029,2029-07-25
Idaho,2029,2029-07-26
Idaho,2029,2029-07-27
Idaho,2029,2029-07-28
Idaho,2029,2029-07-29
Idaho,2029,2029-07-30
Idaho,2029,2029-07-31
Idaho,2029,2029-08-06
Idaho,2029,2029-08-07
Idaho,2030,2030-06-29
Idaho,2030,2030-06-30
Idaho,2030,2030-07-11
Idaho,2030,2030-07-12
Idaho,2030,2030-07-16
Idaho,2030,2030-07-17
Idaho,2030,2030-07-30
Idaho,2030,2030-07-31
Idaho,2030,2030-08-05
Idaho,2030,2030-08-06
Idaho,2030,2030-08-07
Idaho,2030,2030-08-08
Idaho,2030,2030-08-09
Idaho,2030,2030-08-10
Idaho,2030,2030-08-13
Idaho,2030,2030-08-14
Idaho,2030,2030-08-15
Idaho,2031,2031-07-13
Idaho,2031,2031-07-14
Idaho,2031,2031-07-29
Idaho,2031,2031-07-31
Idaho,2031,2031-08-08
Idaho,2031,2031-08-09
Idaho,2031,2031-08-10
Idaho,2031,2031-08-21
Idaho,2031,2031-08-22
Idaho,2032,2032-06-23
Idaho,2032,2032-06-24
Idaho,2032,2032-07-28
Idaho,2032,2032-07-31
Idaho,2032,2032-08-01
Idaho,2032,2032-08-02
Idaho,2032,2032-08-03
Idaho,2032,2032-08-04
Idaho,2032,2032-08-11
Idaho,2032,2032-08-12
Idaho,2032,2032-08-13
Idaho,2032,2032-08-14
Idaho,2032,2032-08-15
Idaho,2032,2032-08-18
Idaho,2032,2032-08-19
Idaho,2032,2032-08-20
Idaho,2034,2034-06-20
Idaho,2034,2034-07-09
Idaho,2034,2034-07-17
Idaho,2034,2034-07-18
Idaho,2034,2034-07-21
Idaho,2034,2034-07-22
Idaho,2034,2034-07-23
Idaho,2034,2034-07-24
Idaho,2034,2034-07-25
Idaho,2034,2034-07-26
Idaho,2034,2034-07-27
Idaho,2034,2034-07-28
Idaho,2034,2034-07-29
Idaho,2034,2034-07-30
Idaho,2034,2034-07-31
Idaho,2034,2034-08-02
Idaho,2034,2034-08-03
Idaho,2034,2034-08-04
Idaho,2034,2034-08-05
Idaho,2034,2034-08-07
Idaho,2034,2034-08-08
Idaho,2034,2034-08-10
Idaho,2034,2034-08-12
Idaho,2034,2034-08-13
Idaho,2034,2034-08-14
Idaho,2034,2034-08-15
Idaho,2034,2034-08-18
Idaho,2035,2035-07-28
Idaho,2035,2035-07-29
Idaho,2035,2035-08-05
Idaho,2035,2035-09-01
Idaho,2036,2036-07-02
Idaho,2036,2036-07-03
Idaho,2036,2036-07-24
Idaho,2036,2036-07-25
Idaho,2036,2036-07-26
Idaho,2036,2036-07-27
Idaho,2036,2036-07-28
Idaho,2036,2036-07-29
Idaho,2036,2036-08-01
Idaho,2036,2036-08-09
Idaho,2036,2036-08-10
Idaho,2036,2036-08-11
Idaho,2036,2036-08-12
Idaho,2036,2036-08-13
Idaho,2036,2036-08-16
Idaho,2036,2036-08-17
Idaho,2036,2036-08-24
Idaho,2036,2036-08-25
Idaho,2036,2036-08-26
Idaho,2037,2037-07-21
Idaho,2037,2037-08-03
Idaho,2037,2037-08-04
Idaho,2037,2037-08-07
Idaho,2037,2037-08-22
Idaho,2037,2037-08-23
Idaho,2038,2038-07-16
Idaho,2038,2038-07-17
Idaho,2038,2038-07-18
Idaho,2038,2038-07-19
Idaho,2038,2038-07-20
Idaho,2038,2038-07-21
Idaho,2038,2038-07-22
Idaho,2038,2038-07-23
Idaho,2038,2038-08-04
Idaho,2038,2038-08-05
Idaho,2038,2038-08-06
Idaho,2038,2038-08-07
Idaho,2038,2038-08-09
Idaho,2038,2038-08-13
Idaho,2038,2038-08-14
Idaho,2038,2038-08-15
Idaho,2038,2038-08-29
Idaho,2038,2038-08-30
Idaho,2038,2038-09-02
Idaho,2038,2038-09-03
Idaho,2038,2038-09-04
Idaho,2038,2038-09-05
Idaho,2039,2039-07-13
Idaho,2039,2039-07-27
Idaho,2039,2039-07-28
Idaho,2039,2039-07-29
Idaho,2039,2039-08-02
Idaho,2039,2039-08-03
Idaho,2039,2039-08-18
Idaho,2039,2039-08-19
Idaho,2039,2039-08-23
Idaho,2040,2040-07-12
Idaho,2040,2040-07-13
Idaho,2040,2040-07-21
Idaho,2040,2040-07-22
Idaho,2040,2040-07-23
Idaho,2040,2040-07-28
Idaho,2040,2040-07-29
Idaho,2040,2040-07-30
Idaho,2040,2040-07-31
Idaho,2040,2040-08-01
Idaho,2040,2040-08-02
Idaho,2040,2040-08-03
Idaho,2040,2040-08-04
Idaho,2040,2040-08-08
Idaho,2040,2040-08-09
Idaho,2040,2040-08-10
Idaho,2040,2040-08-23
Idaho,2041,2041-07-02
Idaho,2041,2041-07-03
Idaho,2041,2041-07-04
Idaho,2041,2041-07-05
Idaho,2041,2041-08-02
Idaho,2041,2041-08-03
Idaho,2041,2041-08-06
Idaho,2041,2041-08-07
Idaho,2041,2041-08-08
Idaho,2041,2041-08-09
Idaho,2041,2041-08-11
Idaho,2041,2041-08-12
Idaho,2041,2041-08-13
Idaho,2041,2041-08-14
Idaho,2041,2041-08-15
Idaho,2041,2041-08-16
Idaho,2041,2041-08-17
Idaho,2041,2041-08-18
Idaho,2041,2041-08-26
Idaho,2041,2041-08-27
Idaho,2042,2042-06-26
Idaho,2042,2042-06-27
Idaho,2042,2042-07-07
Idaho,2042,2042-07-08
Idaho,2042,2042-07-10
Idaho,2042,2042-07-11
Idaho,2042,2042-07-12
Idaho,2042,2042-07-13
Idaho,2042,2042-07-14
Idaho,2042,2042-07-15
Idaho,2042,2042-07-16
Idaho,2042,2042-07-17
Idaho,2042,2042-07-18
Idaho,2042,2042-07-22
Idaho,2042,2042-07-23
Idaho,2042,2042-07-24
Idaho,2042,2042-07-25
Idaho,2043,2043-07-10
Idaho,2043,2043-07-11
Idaho,2043,2043-07-12
Idaho,2043,2043-07-13
Idaho,2043,2043-07-15
Idaho,2043,2043-07-16
Idaho,2043,2043-07-17
Idaho,2043,2043-07-18
Idaho,2043,2043-07-19
Idaho,2043,2043-07-20
Idaho,2043,2043-07-21
Idaho,2043,2043-07-22
Idaho,2043,2043-07-23
Idaho,2043,2043-07-24
Idaho,2043,2043-07-28
Idaho,2043,2043-07-29
Idaho,2043,2043-07-30
Idaho,2043,2043-07-31
Idaho,2043,2043-08-01
Idaho,2043,2043-08-02
Idaho,2043,2043-08-09
Idaho,2043,2043-08-10
Idaho,2043,2043-08-11
Idaho,2043,2043-08-14
Idaho,2043,2043-08-15
Idaho,2043,2043-08-16
Idaho,2043,2043-08-19
Idaho,2043,2043-08-20
Idaho,2044,2044-07-13
Idaho,2044,2044-07-14
Idaho,2044,2044-07-15
Idaho,2044,2044-07-16
Idaho,2044,2044-07-17
Idaho,2044,2044-07-25
Idaho,2044,2044-08-01
Idaho,2044,2044-08-02
Idaho,2044,2044-08-10
Idaho,2044,2044-08-12
Idaho,2044,2044-08-13
Idaho,2044,2044-08-14
Idaho,2044,2044-08-15
Idaho,2045,2045-07-12
Idaho,2045,2045-07-13
Idaho,2045,2045-07-15
Idaho,2045,2045-07-16
Idaho,2045,2045-07-19
Idaho,2045,2045-07-20
Idaho,2045,2045-07-21
Idaho,2045,2045-07-22
Idaho,2045,2045-07-23
Idaho,2045,2045-07-28
Idaho,2045,2045-07-29
Idaho,2045,2045-07-31
Idaho,2045,2045-08-01
Idaho,2045,2045-08-05
Idaho,2045,2045-08-06
Idaho,2045,2045-08-07
Idaho,2045,2045-08-08
Idaho,2045,2045-08-09
Idaho,2045,2045-08-10
Idaho,2045,2045-08-21
Idaho,2045,2045-08-22
Idaho,2046,2046-07-04
Idaho,2046,2046-07-15
Idaho,2046,2046-07-16
Idaho,2046,2046-07-17
Idaho,2046,2046-07-18
Idaho,2046,2046-07-19
Idaho,2046,2046-07-20
Idaho,2046,2046-07-21
Idaho,2046,2046-07-22
Idaho,2046,2046-07-23
Idaho,2046,2046-07-24
Idaho,2046,2046-07-25
Idaho,2046,2046-07-26
Idaho,2046,2046-07-27
Idaho,2046,2046-07-28
Idaho,2046,2046-07-29
Idaho,2046,2046-08-07
Idaho,2046,2046-08-08
Idaho,2046,2046-08-21
Idaho,2046,2046-08-22
Idaho,2046,2046-09-04
Idaho,2047,2047-07-04
Idaho,2047,2047-07-05
Idaho,2047,2047-07-06
Idaho,2047,2047-07-07
Idaho,2047,2047-07-10
Idaho,2047,2047-07-11
Idaho,2047,2047-07-12
Idaho,2047,2047-07-13
Idaho,2047,2047-07-14
Idaho,2047,2047-07-15
Idaho,2047,2047-07-16
Idaho,2047,2047-07-17
Idaho,2047,2047-07-18
Idaho,2047,2047-07-19
Idaho,2047,2047-07-22
Idaho,2047,2047-07-23
Idaho,2047,2047-07-24
Idaho,2047,2047-07-27
Idaho,2047,2047-07-28
Idaho,2047,2047-07-29
Idaho,2047,2047-07-30
Idaho,2047,2047-07-31
Idaho,2047,2047-08-01
Idaho,2047,2047-08-02
Idaho,2047,2047-08-14
Idaho,2047,2047-08-15
Idaho,2047,2047-08-16
Idaho,2047,2047-08-17
Idaho,2047,2047-08-30
Idaho,2047,2047-08-31
Idaho,2047,2047-09-03
Idaho,2047,2047-09-04
Idaho,2048,2048-06-29
Idaho,2048,2048-06-30
Idaho,2048,2048-07-01
Idaho,2048,2048-07-03
Idaho,2048,2048-07-04
Idaho,2048,2048-07-20
Idaho,2048,2048-07-21
Idaho,2048,2048-07-25
Idaho,2048,2048-07-26
Idaho,2048,2048-08-05
Idaho,2048,2048-08-06
Idaho,2048,2048-08-07
Idaho,2048,2048-08-08
Idaho,2048,2048-08-17
Idaho,2048,2048-08-18
Idaho,2048,2048-08-19
Idaho,2048,2048-08-24
Idaho,2049,2049-07-16
Idaho,2049,2049-07-17
Idaho,2049,2049-07-18
Idaho,2049,2049-07-19
Idaho,2049,2049-07-21
Idaho,2049,2049-07-22
Idaho,2049,2049-07-23
Idaho,2049,2049-07-24
Idaho,2049,2049-08-01
Idaho,2049,2049-08-02
Idaho,2049,2049-08-03
Idaho,2049,2049-08-04
Idaho,2049,2049-08-05
Idaho,2049,2049-08-20
Idaho,2049,2049-08-21
Idaho,2049,2049-08-22
Idaho,2049,2049-08-28
Idaho,2049,2049-08-29
Idaho,2050,2050-07-16
Idaho,2050,2050-07-17
Idaho,2050,2050-07-25
Idaho,2050,2050-07-26
Idaho,2050,2050-07-28
Idaho,2050,2050-07-29
Idaho,2050,2050-07-30
Idaho,2050,2050-07-31
Idaho,2050,2050-08-05
Idaho,2050,2050-08-06
Idaho,2050,2050-08-26
Idaho,2050,2050-08-27
Idaho,2051,2051-07-24
Idaho,2051,2051-07-25
Idaho,2051,2051-07-30
Idaho,2051,2051-07-31
Idaho,2051,2051-08-21
Idaho,2051,2051-08-22
Idaho,2051,2051-08-24
Idaho,2051,2051-08-25
Idaho,2051,2051-08-26
Idaho,2051,2051-08-27
Idaho,2051,2051-08-28
Idaho,2052,2052-07-07
Idaho,2052,2052-07-08
Idaho,2052,2052-07-09
Idaho,2052,2052-07-10
Idaho,2052,2052-07-11
Idaho,2052,2052-07-12
Idaho,2052,2052-07-13
Idaho,2052,2052-07-19
Idaho,2052,2052-07-20
Idaho,2052,2052-07-22
Idaho,2052,2052-07-23
Idaho,2052,2052-07-26
Idaho,2052,2052-07-27
Idaho,2052,2052-07-30
Idaho,2052,2052-07-31
Idaho,2052,2052-08-05
Idaho,2052,2052-08-06
Idaho,2052,2052-08-07
Idaho,2052,2052-08-08
Idaho,2052,2052-08-09
Idaho,2052,2052-08-10
Idaho,2052,2052-08-11
Idaho,2052,2052-08-12
Idaho,2052,2052-08-13
Idaho,2052,2052-08-14
Idaho,2052,2052-08-15
Idaho,2052,2052-08-18
Idaho,2052,2052-08-19
Idaho,2053,2053-06-28
Idaho,2053,2053-06-29
Idaho,2053,2053-06-30
Idaho,2053,2053-07-01
Idaho,2053,2053-07-02
Idaho,2053,2053-07-03
Idaho,2053,2053-07-04
Idaho,2053,2053-07-07
Idaho,2053,2053-07-09
Idaho,2053,2053-07-10
Idaho,2053,2053-07-11
Idaho,2053,2053-07-15
Idaho,2053,2053-07-16
Idaho,2053,2053-07-17
Idaho,2053,2053-07-18
Idaho,2053,2053-07-19
Idaho,2053,2053-07-20
Idaho,2053,2053-07-21
Idaho,2053,2053-07-22
Idaho,2053,2053-07-23
Idaho,2053,2053-07-24
Idaho,2053,2053-07-25
Idaho,2053,2053-07-26
Idaho,2053,2053-07-27
Idaho,2053,2053-07-31
Idaho,2053,2053-08-01
Idaho,2053,2053-08-14
Idaho,2053,2053-08-15
Idaho,2053,2053-08-16
Idaho,2053,2053-08-17
Idaho,2053,2053-09-01
Idaho,2054,2054-07-02
Idaho,2054,2054-07-03
Idaho,2054,2054-07-04
Idaho,2054,2054-07-05
Idaho,2054,2054-07-06
Idaho,2054,2054-07-07
Idaho,2054,2054-07-08
Idaho,2054,2054-07-09
Idaho,2054,2054-07-12
Idaho,2054,2054-07-13
Idaho,2054,2054-07-14
Idaho,2054,2054-07-15
Idaho,2054,2054-07-17
Idaho,2054,2054-07-18
Idaho,2054,2054-07-23
Idaho,2054,2054-07-27
Idaho,2054,2054-07-28
Idaho,2054,2054-07-29
Idaho,2054,2054-08-03
Idaho,2054,2054-08-04
Idaho,2054,2054-08-11
Idaho,2054,2054-08-12
Idaho,2055,2055-06-26
Idaho,2055,2055-06-27
Idaho,2055,2055-06-28
Idaho,2055,2055-06-29
Idaho,2055,2055-06-30
Idaho,2055,2055-07-01
Idaho,2055,2055-07-02
Idaho,2055,2055-07-03
Idaho,2055,2055-07-04
Idaho,2055,2055-07-05
Idaho,2055,2055-07-31
Idaho,2055,2055-08-01
Idaho,2055,2055-08-02
Idaho,2055,2055-08-03
Idaho,2055,2055-08-11
Idaho,2055,2055-08-12
Idaho,2055,2055-08-13
Idaho,2055,2055-08-14
Idaho,2055,2055-08-15
Idaho,2055,2055-08-25
Idaho,2056,2056-06-27
Idaho,2056,2056-06-28
Idaho,2056,2056-06-29
Idaho,2056,2056-07-21
Idaho,2056,2056-07-22
Idaho,2056,2056-07-25
Idaho,2056,2056-07-26
Idaho,2056,2056-07-27
Idaho,2056,2056-07-28
Idaho,2056,2056-07-29
Idaho,2056,2056-07-30
Idaho,2056,2056-07-31
Idaho,2056,2056-08-14
Idaho,2056,2056-08-15
Idaho,2056,2056-08-16
Idaho,2056,2056-08-17
Idaho,2056,2056-08-30
Idaho,2057,2057-06-26
Idaho,2057,2057-06-27
Idaho,2057,2057-07-04
Idaho,2057,2057-07-05
Idaho,2057,2057-07-06
Idaho,2057,2057-07-07
Idaho,2057,2057-07-08
Idaho,2057,2057-07-09
Idaho,2057,2057-07-10
Idaho,2057,2057-07-13
Idaho,2057,2057-07-14
Idaho,2057,2057-07-15
Idaho,2057,2057-07-16
Idaho,2057,2057-07-23
Idaho,2057,2057-07-24
Idaho,2057,2057-07-29
Idaho,2057,2057-07-30
Idaho,2057,2057-07-31
Idaho,2057,2057-08-01
Idaho,2057,2057-08-02
Idaho,2057,2057-08-03
Idaho,2057,2057-08-04
Idaho,2057,2057-08-05
Idaho,2057,2057-08-27
Idaho,2057,2057-08-28
Idaho,2057,2057-08-29
Idaho,2057,2057-08-30
Idaho,2057,2057-09-02
Idaho,2057,2057-09-03
Idaho,2057,2057-09-04
Idaho,2057,2057-09-05
Idaho,2057,2057-09-06
Idaho,2057,2057-09-07
Idaho,2058,2058-07-05
Idaho,2058,2058-07-06
Idaho,2058,2058-07-08
Idaho,2058,2058-07-09
Idaho,2058,2058-07-10
Idaho,2058,2058-07-13
Idaho,2058,2058-07-14
Idaho,2058,2058-07-15
Idaho,2058,2058-07-16
Idaho,2058,2058-07-17
Idaho,2058,2058-07-18
Idaho,2058,2058-07-19
Idaho,2058,2058-07-23
Idaho,2058,2058-07-24
Idaho,2058,2058-07-25
Idaho,2058,2058-07-26
Idaho,2058,2058-07-27
Idaho,2058,2058-07-28
Idaho,2058,2058-07-29
Idaho,2058,2058-07-30
Idaho,2058,2058-07-31
Idaho,2058,2058-08-01
Idaho,2058,2058-08-02
Idaho,2058,2058-08-08
Idaho,2058,2058-08-09
Idaho,2058,2058-08-10
Idaho,2058,2058-08-11
Idaho,2058,2058-08-12
Idaho,2058,2058-08-15
Idaho,2058,2058-08-16
Idaho,2059,2059-07-13
Idaho,2059,2059-07-22
Idaho,2059,2059-07-23
Idaho,2059,2059-07-24
Idaho,2059,2059-07-26
Idaho,2059,2059-07-27
Idaho,2059,2059-07-29
Idaho,2059,2059-07-31
Idaho,2059,2059-08-01
Idaho,2059,2059-08-02
Idaho,2059,2059-08-03
Idaho,2059,2059-08-04
Idaho,2059,2059-08-05
Idaho,2059,2059-08-06
Idaho,2059,2059-08-07
Idaho,2059,2059-08-08
Idaho,2059,2059-08-20
Idaho,2059,2059-08-21
Idaho,2059,2059-08-28
Idaho,2059,2059-08-29
Idaho,2059,2059-09-03
Idaho,2060,2060-07-09
Idaho,2060,2060-07-10
Idaho,2060,2060-07-16
Idaho,2060,2060-07-17
Idaho,2060,2060-07-21
Idaho,2060,2060-07-22
Idaho,2060,2060-07-23
Idaho,2060,2060-07-24
Idaho,2060,2060-07-25
Idaho,2060,2060-07-26
Idaho,2060,2060-07-27
Idaho,2060,2060-07-28
Idaho,2060,2060-07-29
Idaho,2060,2060-07-30
Idaho,2060,2060-07-31
Idaho,2060,2060-08-01
Idaho,2060,2060-08-02
Idaho,2060,2060-08-03
Idaho,2060,2060-08-08
Idaho,2060,2060-08-09
Idaho,2060,2060-08-11
Idaho,2060,2060-08-12
Idaho,2060,2060-08-13
Idaho,2060,2060-09-05
Idaho,2061,2061-06-25
Idaho,2061,2061-06-26
Idaho,2061,2061-06-27
Idaho,2061,2061-06-30
Idaho,2061,2061-07-01
Idaho,2061,2061-07-03
Idaho,2061,2061-07-04
Idaho,2061,2061-07-05
Idaho,2061,2061-07-06
Idaho,2061,2061-07-09
Idaho,2061,2061-07-10
Idaho,2061,2061-07-12
Idaho,2061,2061-07-13
Idaho,2061,2061-07-15
Idaho,2061,2061-07-16
Idaho,2061,2061-07-17
Idaho,2061,2061-07-18
Idaho,2061,2061-07-19
Idaho,2061,2061-07-20
Idaho,2061,2061-07-21
Idaho,2061,2061-07-22
Idaho,2061,2061-07-23
Idaho,2061,2061-07-24
Idaho,2061,2061-07-28
Idaho,2061,2061-07-29
Idaho,2061,2061-07-31
Idaho,2061,2061-08-01
Idaho,2061,2061-08-02
Idaho,2061,2061-08-03
Idaho,2061,2061-08-04
Idaho,2061,2061-08-05
Idaho,2061,2061-08-06
Idaho,2061,2061-08-07
Idaho,2061,2061-08-08
Idaho,2061,2061-08-09
Idaho,2061,2061-08-10
Idaho,2061,2061-08-11
Idaho,2061,2061-08-12
Idaho,2061,2061-08-13
Idaho,2061,2061-08-14
Idaho,2061,2061-08-15
Idaho,2061,2061-08-16
Idaho,2061,2061-08-17
Idaho,2061,2061-08-18
Idaho,2061,2061-08-19
Idaho,2061,2061-08-23
Idaho,2061,2061-08-24
Idaho,2061,2061-08-25
Idaho,2061,2061-08-26
Idaho,2061,2061-08-27
Idaho,2061,2061-08-28
Idaho,2061,2061-08-29
Idaho,2061,2061-08-30
Idaho,2061,2061-09-08
Idaho,2061,2061-09-09
Idaho,2061,2061-09-16
Idaho,2061,2061-09-17
Idaho,2061,2061-09-18
Idaho,2061,2061-09-19
Idaho,2062,2062-07-11
Idaho,2062,2062-07-12
Idaho,2062,2062-07-13
Idaho,2062,2062-07-14
Idaho,2062,2062-07-18
Idaho,2062,2062-07-19
Idaho,2062,2062-07-20
Idaho,2062,2062-07-21
Idaho,2062,2062-07-22
Idaho,2062,2062-07-23
Idaho,2062,2062-07-24
Idaho,2062,2062-07-25
Idaho,2062,2062-07-26
Idaho,2062,2062-07-27
Idaho,2062,2062-07-30
Idaho,2062,2062-07-31
Idaho,2062,2062-08-01
Idaho,2062,2062-08-05
Idaho,2062,2062-08-06
Idaho,2062,2062-08-07
Idaho,2062,2062-08-08
Idaho,2062,2062-08-09
Idaho,2062,2062-08-10
Idaho,2062,2062-08-11
Idaho,2062,2062-08-13
Idaho,2062,2062-08-14
Idaho,2062,2062-08-15
Idaho,2062,2062-08-16
Idaho,2062,2062-08-17
Idaho,2062,2062-08-18
Idaho,2062,2062-08-19
Idaho,2062,2062-08-20
Idaho,2062,2062-08-21
Idaho,2062,2062-08-22
Idaho,2062,2062-08-23
Idaho,2062,2062-08-24
Idaho,2062,2062-08-25
Idaho,2062,2062-08-26
Idaho,2062,2062-08-27
Idaho,2062,2062-09-03
Idaho,2063,2063-07-05
Idaho,2063,2063-07-06
Idaho,2063,2063-07-07
Idaho,2063,2063-07-08
Idaho,2063,2063-07-13
Idaho,2063,2063-07-14
Idaho,2063,2063-07-18
Idaho,2063,2063-07-22
Idaho,2063,2063-07-23
Idaho,2063,2063-07-24
Idaho,2063,2063-07-25
Idaho,2063,2063-07-29
Idaho,2063,2063-07-30
Idaho,2063,2063-07-31
Idaho,2063,2063-08-01
Idaho,2063,2063-08-02
Idaho,2063,2063-08-03
Idaho,2063,2063-08-04
Idaho,2063,2063-08-05
Idaho,2063,2063-08-06
Idaho,2063,2063-08-07
Idaho,2063,2063-08-08
Idaho,2063,2063-08-09
Idaho,2063,2063-08-10
Idaho,2063,2063-08-11
Idaho,2063,2063-08-13
Idaho,2063,2063-08-14
Idaho,2063,2063-08-15
Idaho,2063,2063-08-27
Idaho,2063,2063-08-31
Idaho,2063,2063-09-01
Idaho,2064,2064-06-24
Idaho,2064,2064-06-25
Idaho,2064,2064-06-28
Idaho,2064,2064-06-29
Idaho,2064,2064-07-05
Idaho,2064,2064-07-06
Idaho,2064,2064-07-11
Idaho,2064,2064-07-12
Idaho,2064,2064-07-14
Idaho,2064,2064-07-15
Idaho,2064,2064-07-16
Idaho,2064,2064-07-17
Idaho,2064,2064-07-18
Idaho,2064,2064-07-19
Idaho,2064,2064-07-20
Idaho,2064,2064-07-24
Idaho,2064,2064-07-25
Idaho,2064,2064-07-26
Idaho,2064,2064-07-27
Idaho,2064,2064-07-28
Idaho,2064,2064-07-30
Idaho,2064,2064-07-31
Idaho,2064,2064-08-02
Idaho,2064,2064-08-03
Idaho,2064,2064-08-04
Idaho,2064,2064-08-05
Idaho,2064,2064-08-06
Idaho,2064,2064-08-08
Idaho,2064,2064-08-09
Idaho,2064,2064-08-10
Idaho,2064,2064-08-11
Idaho,2064,2064-08-12
Idaho,2064,2064-08-13
Idaho,2064,2064-08-14
Idaho,2064,2064-08-15
Idaho,2064,2064-08-16
Idaho,2064,2064-08-17
Idaho,2064,2064-08-18
Idaho,2064,2064-08-19
Idaho,2064,2064-08-22
Idaho,2064,2064-08-26
Idaho,2064,2064-08-27
Idaho,2064,2064-08-30
Idaho,2064,2064-09-04
Idaho,2064,2064-09-05
Idaho,2065,2065-06-18
Idaho,2065,2065-06-19
Idaho,2065,2065-06-20
Idaho,2065,2065-06-28
Idaho,2065,2065-06-29
Idaho,2065,2065-06-30
Idaho,2065,2065-07-01
Idaho,2065,2065-07-02
Idaho,2065,2065-07-03
Idaho,2065,2065-07-04
Idaho,2065,2065-07-05
Idaho,2065,2065-07-06
Idaho,2065,2065-07-07
Idaho,2065,2065-07-08
Idaho,2065,2065-07-09
Idaho,2065,2065-07-10
Idaho,2065,2065-07-11
Idaho,2065,2065-07-12
Idaho,2065,2065-07-13
Idaho,2065,2065-07-14
Idaho,2065,2065-07-15
Idaho,2065,2065-07-16
Idaho,2065,2065-07-17
Idaho,2065,2065-07-18
Idaho,2065,2065-07-19
Idaho,2065,2065-07-20
Idaho,2065,2065-07-21
Idaho,2065,2065-07-22
Idaho,2065,2065-07-25
Idaho,2065,2065-07-26
Idaho,2065,2065-07-27
Idaho,2065,2065-07-28
Idaho,2065,2065-08-06
Idaho,2065,2065-08-07
Idaho,2065,2065-08-08
Idaho,2065,2065-08-17
Idaho,2065,2065-08-18
Idaho,2065,2065-08-19
Idaho,2065,2065-08-24
Idaho,2065,2065-08-25
Idaho,2065,2065-08-26
Idaho,2065,2065-08-27
Idaho,2065,2065-08-28
Idaho,2065,2065-08-29
Idaho,2066,2066-05-30
Idaho,2066,2066-05-31
Idaho,2066,2066-06-16
Idaho,2066,2066-06-17
Idaho,2066,2066-06-18
Idaho,2066,2066-06-23
Idaho,2066,2066-06-24
Idaho,2066,2066-06-25
Idaho,2066,2066-06-26
Idaho,2066,2066-06-27
Idaho,2066,2066-06-28
Idaho,2066,2066-06-29
Idaho,2066,2066-07-02
Idaho,2066,2066-07-03
Idaho,2066,2066-07-14
Idaho,2066,2066-07-15
Idaho,2066,2066-07-19
Idaho,2066,2066-07-20
Idaho,2066,2066-07-21
Idaho,2066,2066-07-22
Idaho,2066,2066-07-23
Idaho,2066,2066-07-28
Idaho,2066,2066-07-29
Idaho,2066,2066-07-31
Idaho,2066,2066-08-01
Idaho,2066,2066-08-02
Idaho,2066,2066-08-03
Idaho,2066,2066-08-04
Idaho,2066,2066-08-05
Idaho,2066,2066-08-06
Idaho,2066,2066-08-07
Idaho,2066,2066-08-08
Idaho,2066,2066-08-09
Idaho,2066,2066-08-10
Idaho,2066,2066-08-11
Idaho,2066,2066-08-12
Idaho,2066,2066-08-14
Idaho,2066,2066-08-15
Idaho,2066,2066-08-16
Idaho,2066,2066-08-17
Idaho,2066,2066-08-18
Idaho,2066,2066-08-19
Idaho,2066,2066-08-20
Idaho,2066,2066-08-21
Idaho,2066,2066-08-22
Idaho,2066,2066-08-23
Idaho,2066,2066-08-24
Idaho,2066,2066-08-25
Idaho,2066,2066-08-26
Idaho,2066,2066-08-27
Idaho,2066,2066-08-28
Idaho,2066,2066-08-29
Idaho,2067,2067-06-04
Idaho,2067,2067-06-13
Idaho,2067,2067-06-14
Idaho,2067,2067-06-15
Idaho,2067,2067-06-26
Idaho,2067,2067-06-27
Idaho,2067,2067-06-28
Idaho,2067,2067-06-29
Idaho,2067,2067-07-01
Idaho,2067,2067-07-04
Idaho,2067,2067-07-13
Idaho,2067,2067-07-14
Idaho,2067,2067-07-15
Idaho,2067,2067-07-16
Idaho,2067,2067-07-24
Idaho,2067,2067-07-25
Idaho,2067,2067-07-26
Idaho,2067,2067-07-27
Idaho,2067,2067-07-28
Idaho,2067,2067-07-29
Idaho,2067,2067-07-30
Idaho,2067,2067-07-31
Idaho,2067,2067-08-02
Idaho,2067,2067-08-03
Idaho,2067,2067-08-04
Idaho,2067,2067-08-05
Idaho,2067,2067-08-06
Idaho,2067,2067-08-08
Idaho,2067,2067-08-09
Idaho,2067,2067-08-10
Idaho,2067,2067-08-11
Idaho,2067,2067-08-19
Idaho,2067,2067-08-20
Idaho,2067,2067-08-22
Idaho,2067,2067-08-23
Idaho,2067,2067-08-31
Idaho,2067,2067-09-01
Idaho,2067,2067-09-02
Idaho,2067,2067-09-23
Idaho,2067,2067-09-24
Idaho,2068,2068-06-15
Idaho,2068,2068-06-16
Idaho,2068,2068-06-17
Idaho,2068,2068-06-19
Idaho,2068,2068-06-20
Idaho,2068,2068-06-21
Idaho,2068,2068-06-22
Idaho,2068,2068-06-23
Idaho,2068,2068-06-24
Idaho,2068,2068-06-25
Idaho,2068,2068-06-26
Idaho,2068,2068-07-01
Idaho,2068,2068-07-02
Idaho,2068,2068-07-03
Idaho,2068,2068-07-04
Idaho,2068,2068-07-05
Idaho,2068,2068-07-08
Idaho,2068,2068-07-09
Idaho,2068,2068-07-10
Idaho,2068,2068-07-11
Idaho,2068,2068-07-13
Idaho,2068,2068-07-14
Idaho,2068,2068-07-15
Idaho,2068,2068-07-16
Idaho,2068,2068-07-17
Idaho,2068,2068-07-18
Idaho,2068,2068-07-19
Idaho,2068,2068-07-20
Idaho,2068,2068-07-21
Idaho,2068,2068-07-22
Idaho,2068,2068-07-23
Idaho,2068,2068-07-24
Idaho,2068,2068-07-25
Idaho,2068,2068-07-26
Idaho,2068,2068-07-27
Idaho,2068,2068-07-28
Idaho,2068,2068-07-29
Idaho,2068,2068-07-30
Idaho,2068,2068-07-31
Idaho,2068,2068-08-01
Idaho,2068,2068-08-04
Idaho,2068,2068-08-05
Idaho,2068,2068-08-06
Idaho,2068,2068-08-09
Idaho,2068,2068-08-10
Idaho,2068,2068-08-11
Idaho,2068,2068-08-12
Idaho,2068,2068-08-13
Idaho,2068,2068-08-14
Idaho,2068,2068-08-15
Idaho,2068,2068-08-17
Idaho,2068,2068-08-18
Idaho,2068,2068-08-19
Idaho,2068,2068-08-20
Idaho,2068,2068-08-23
Idaho,2068,2068-08-24
Idaho,2068,2068-08-25
Idaho,2068,2068-08-26
Idaho,2068,2068-08-27
Idaho,2068,2068-08-28
Idaho,2068,2068-08-29
Idaho,2068,2068-08-30
Idaho,2068,2068-08-31
Idaho,2068,2068-09-01
Idaho,2068,2068-09-02
Idaho,2068,2068-09-03
Idaho,2068,2068-09-04
Idaho,2068,2068-09-05
Idaho,2068,2068-09-06
Idaho,2068,2068-09-07
Idaho,2068,2068-09-09
Idaho,2069,2069-06-29
Idaho,2069,2069-06-30
Idaho,2069,2069-07-03
Idaho,2069,2069-07-04
Idaho,2069,2069-07-05
Idaho,2069,2069-07-06
Idaho,2069,2069-07-07
Idaho,2069,2069-07-08
Idaho,2069,2069-07-09
Idaho,2069,2069-07-11
Idaho,2069,2069-07-12
Idaho,2069,2069-07-13
Idaho,2069,2069-07-14
Idaho,2069,2069-07-15
Idaho,2069,2069-07-16
Idaho,2069,2069-07-18
Idaho,2069,2069-07-19
Idaho,2069,2069-07-20
Idaho,2069,2069-07-21
Idaho,2069,2069-07-22
Idaho,2069,2069-07-23
Idaho,2069,2069-07-24
Idaho,2069,2069-07-25
Idaho,2069,2069-07-26
Idaho,2069,2069-07-27
Idaho,2069,2069-07-28
Idaho,2069,2069-07-29
Idaho,2069,2069-07-30
Idaho,2069,2069-07-31
Idaho,2069,2069-08-01
Idaho,2069,2069-08-05
Idaho,2069,2069-08-06
Idaho,2069,2069-08-07
Idaho,2069,2069-08-08
Idaho,2069,2069-08-09
Idaho,2069,2069-08-10
Idaho,2069,2069-08-11
Idaho,2069,2069-08-12
Idaho,2069,2069-08-13
Idaho,2069,2069-08-14
Idaho,2069,2069-08-15
Idaho,2069,2069-08-17
Idaho,2070,2070-06-22
Idaho,2070,2070-06-23
Idaho,2070,2070-06-24
Idaho,2070,2070-06-25
Idaho,2070,2070-06-26
Idaho,2070,2070-06-27
Idaho,2070,2070-06-29
Idaho,2070,2070-06-30
Idaho,2070,2070-07-01
Idaho,2070,2070-07-02
Idaho,2070,2070-07-04
Idaho,2070,2070-07-05
Idaho,2070,2070-07-06
Idaho,2070,2070-07-10
Idaho,2070,2070-07-11
Idaho,2070,2070-07-12
Idaho,2070,2070-07-13
Idaho,2070,2070-07-14
Idaho,2070,2070-07-15
Idaho,2070,2070-07-16
Idaho,2070,2070-07-17
Idaho,2070,2070-07-18
Idaho,2070,2070-07-19
Idaho,2070,2070-07-20
Idaho,2070,2070-07-22
Idaho,2070,2070-07-23
Idaho,2070,2070-07-28
Idaho,2070,2070-07-29
Idaho,2070,2070-07-30
Idaho,2070,2070-07-31
Idaho,2070,2070-08-01
Idaho,2070,2070-08-03
Idaho,2070,2070-08-04
Idaho,2070,2070-08-05
Idaho,2070,2070-08-06
Idaho,2070,2070-08-07
Idaho,2070,2070-08-08
Idaho,2070,2070-08-09
Idaho,2070,2070-08-10
Idaho,2070,2070-08-11
Idaho,2070,2070-08-12
Idaho,2070,2070-08-13
Idaho,2070,2070-08-14
Idaho,2070,2070-08-15
Idaho,2070,2070-08-16
Idaho,2070,2070-08-28
Idaho,2070,2070-08-29
Idaho,2070,2070-08-30
Idaho,2070,2070-09-01
Idaho,2070,2070-09-02
Idaho,2070,2070-09-03
Idaho,2070,2070-09-04
Idaho,2070,2070-09-05
Idaho,2070,2070-09-06
Idaho,2070,2070-09-07
Idaho,2070,2070-09-08
Idaho,2070,2070-09-09
Idaho,2070,2070-09-10
Idaho,2070,2070-09-11
Idaho,2070,2070-09-12
Idaho,2070,2070-09-14
Idaho,2070,2070-09-15
Idaho,2071,2071-07-02
Idaho,2071,2071-07-03
Idaho,2071,2071-07-04
Idaho,2071,2071-07-05
Idaho,2071,2071-07-06
Idaho,2071,2071-07-07
Idaho,2071,2071-07-08
Idaho,2071,2071-07-09
Idaho,2071,2071-07-11
Idaho,2071,2071-07-12
Idaho,2071,2071-07-13
Idaho,2071,2071-07-14
Idaho,2071,2071-07-15
Idaho,2071,2071-07-16
Idaho,2071,2071-07-17
Idaho,2071,2071-07-19
Idaho,2071,2071-07-20
Idaho,2071,2071-07-21
Idaho,2071,2071-07-22
Idaho,2071,2071-07-23
Idaho,2071,2071-07-24
Idaho,2071,2071-07-25
Idaho,2071,2071-07-27
Idaho,2071,2071-07-28
Idaho,2071,2071-07-29
Idaho,2071,2071-07-30
Idaho,2071,2071-07-31
Idaho,2071,2071-08-01
Idaho,2071,2071-08-02
Idaho,2071,2071-08-03
Idaho,2071,2071-08-04
Idaho,2071,2071-08-06
Idaho,2071,2071-08-07
Idaho,2071,2071-08-08
Idaho,2071,2071-08-09
Idaho,2071,2071-08-10
Idaho,2071,2071-08-11
Idaho,2071,2071-08-12
Idaho,2071,2071-08-13
Idaho,2071,2071-08-14
Idaho,2071,2071-08-15
Idaho,2071,2071-08-16
Idaho,2071,2071-08-17
Idaho,2071,2071-08-18
Idaho,2071,2071-08-19
Idaho,2071,2071-08-20
Idaho,2071,2071-08-21
Idaho,2071,2071-08-22
Idaho,2071,2071-08-23
Idaho,2071,2071-08-24
Idaho,2071,2071-08-25
Idaho,2071,2071-08-26
Idaho,2071,2071-08-27
Idaho,2071,2071-08-30
Idaho,2071,2071-08-31
Idaho,2071,2071-09-01
Idaho,2071,2071-09-04
Idaho,2071,2071-09-05
Idaho,2072,2072-06-22
Idaho,2072,2072-06-23
Idaho,2072,2072-06-24
Idaho,2072,2072-06-25
Idaho,2072,2072-06-28
Idaho,2072,2072-07-16
Idaho,2072,2072-07-17
Idaho,2072,2072-07-18
Idaho,2072,2072-07-26
Idaho,2072,2072-07-27
Idaho,2072,2072-07-28
Idaho,2072,2072-07-29
Idaho,2072,2072-07-30
Idaho,2072,2072-07-31
Idaho,2072,2072-08-01
Idaho,2072,2072-08-02
Idaho,2072,2072-08-03
Idaho,2072,2072-08-04
Idaho,2072,2072-08-05
Idaho,2072,2072-08-06
Idaho,2072,2072-08-07
Idaho,2072,2072-08-08
Idaho,2072,2072-08-09
Idaho,2072,2072-08-10
Idaho,2072,2072-08-11
Idaho,2072,2072-08-12
Idaho,2072,2072-08-13
Idaho,2072,2072-08-14
Idaho,2072,2072-08-15
Idaho,2072,2072-08-16
Idaho,2072,2072-08-17
Idaho,2072,2072-08-18
Idaho,2072,2072-08-19
Idaho,2072,2072-08-20
Idaho,2072,2072-08-21
Idaho,2072,2072-08-22
Idaho,2072,2072-09-30
Idaho,2072,2072-10-01
Idaho,2073,2073-06-20
Idaho,2073,2073-06-26
Idaho,2073,2073-06-27
Idaho,2073,2073-07-28
Idaho,2073,2073-07-29
Idaho,2073,2073-08-02
Idaho,2073,2073-08-03
Idaho,2073,2073-08-04
Idaho,2073,2073-08-05
Idaho,2073,2073-08-07
Idaho,2073,2073-08-09
Idaho,2073,2073-08-10
Idaho,2073,2073-08-19
Idaho,2073,2073-08-20
Idaho,2073,2073-09-10
Idaho,2074,2074-06-20
Idaho,2074,2074-06-21
Idaho,2074,2074-06-22
Idaho,2074,2074-06-23
Idaho,2074,2074-06-24
Idaho,2074,2074-06-25
Idaho,2074,2074-06-26
Idaho,2074,2074-06-28
Idaho,2074,2074-06-29
Idaho,2074,2074-06-30
Idaho,2074,2074-07-01
Idaho,2074,2074-07-02
Idaho,2074,2074-07-08
Idaho,2074,2074-07-09
Idaho,2074,2074-07-10
Idaho,2074,2074-07-11
Idaho,2074,2074-07-12
Idaho,2074,2074-07-13
Idaho,2074,2074-07-14
Idaho,2074,2074-07-15
Idaho,2074,2074-07-16
Idaho,2074,2074-07-17
Idaho,2074,2074-07-18
Idaho,2074,2074-07-19
Idaho,2074,2074-07-20
Idaho,2074,2074-07-21
Idaho,2074,2074-07-22
Idaho,2074,2074-07-23
Idaho,2074,2074-07-24
Idaho,2074,2074-07-25
Idaho,2074,2074-07-26
Idaho,2074,2074-07-27
Idaho,2074,2074-07-28
Idaho,2074,2074-07-29
Idaho,2074,2074-07-30
Idaho,2074,2074-07-31
Idaho,2074,2074-08-01
Idaho,2074,2074-08-02
Idaho,2074,2074-08-03
Idaho,2074,2074-08-04
Idaho,2074,2074-08-05
Idaho,2074,2074-08-06
Idaho,2074,2074-08-07
Idaho,2074,2074-08-08
Idaho,2074,2074-08-09
Idaho,2074,2074-08-10
Idaho,2074,2074-08-11
Idaho,2074,2074-08-12
Idaho,2074,2074-08-13
Idaho,2074,2074-08-14
Idaho,2074,2074-08-15
Idaho,2074,2074-08-16
Idaho,2074,2074-08-17
Idaho,2074,2074-08-18
Idaho,2074,2074-08-19
Idaho,2074,2074-08-20
Idaho,2074,2074-08-21
Idaho,2074,2074-08-22
Idaho,2074,2074-08-24
Idaho,2074,2074-08-25
Idaho,2074,2074-08-26
Idaho,2074,2074-08-27
Idaho,2074,2074-08-28
Idaho,2074,2074-08-29
Idaho,2074,2074-09-06
Idaho,2074,2074-09-07
Idaho,2074,2074-09-08
Idaho,2074,2074-09-24
Idaho,2074,2074-09-28
Idaho,2075,2075-07-06
Idaho,2075,2075-07-07
Idaho,2075,2075-07-08
Idaho,2075,2075-07-09
Idaho,2075,2075-07-10
Idaho,2075,2075-07-17
Idaho,2075,2075-07-18
Idaho,2075,2075-07-19
Idaho,2075,2075-07-20
Idaho,2075,2075-07-21
Idaho,2075,2075-07-25
Idaho,2075,2075-07-26
Idaho,2075,2075-07-27
Idaho,2075,2075-07-28
Idaho,2075,2075-07-29
Idaho,2075,2075-07-30
Idaho,2075,2075-08-01
Idaho,2075,2075-08-02
Idaho,2075,2075-08-03
Idaho,2075,2075-08-04
Idaho,2075,2075-08-05
Idaho,2075,2075-08-06
Idaho,2075,2075-08-07
Idaho,2075,2075-08-10
Idaho,2075,2075-08-11
Idaho,2075,2075-08-15
Idaho,2075,2075-08-16
Idaho,2075,2075-08-20
Idaho,2075,2075-08-21
Idaho,2075,2075-08-22
Idaho,2075,2075-08-23
Idaho,2075,2075-08-24
Idaho,2075,2075-08-27
Idaho,2075,2075-08-28
Idaho,2075,2075-08-29
Idaho,2075,2075-08-31
Idaho,2075,2075-09-01
Idaho,2075,2075-09-02
Idaho,2075,2075-09-03
Idaho,2075,2075-09-04
Idaho,2075,2075-09-05
Idaho,2075,2075-09-14
Idaho,2075,2075-09-15
Idaho,2075,2075-09-16
Idaho,2076,2076-06-07
Idaho,2076,2076-06-08
Idaho,2076,2076-07-01
Idaho,2076,2076-07-02
Idaho,2076,2076-07-03
Idaho,2076,2076-07-04
Idaho,2076,2076-07-05
Idaho,2076,2076-07-07
Idaho,2076,2076-07-08
Idaho,2076,2076-07-09
Idaho,2076,2076-07-10
Idaho,2076,2076-07-11
Idaho,2076,2076-07-12
Idaho,2076,2076-07-13
Idaho,2076,2076-07-14
Idaho,2076,2076-07-15
Idaho,2076,2076-07-16
Idaho,2076,2076-07-17
Idaho,2076,2076-07-18
Idaho,2076,2076-07-21
Idaho,2076,2076-07-22
Idaho,2076,2076-07-23
Idaho,2076,2076-07-24
Idaho,2076,2076-07-25
Idaho,2076,2076-07-26
Idaho,2076,2076-07-27
Idaho,2076,2076-07-28
Idaho,2076,2076-07-29
Idaho,2076,2076-07-30
Idaho,2076,2076-07-31
Idaho,2076,2076-08-01
Idaho,2076,2076-08-02
Idaho,2076,2076-08-08
Idaho,2076,2076-08-09
Idaho,2076,2076-08-10
Idaho,2076,2076-08-11
Idaho,2076,2076-08-12
Idaho,2076,2076-08-13
Idaho,2076,2076-08-14
Idaho,2076,2076-08-15
Idaho,2076,2076-08-16
Idaho,2076,2076-08-17
Idaho,2076,2076-08-23
Idaho,2076,2076-08-24
Idaho,2076,2076-08-25
Idaho,2076,2076-08-26
Idaho,2076,2076-08-27
Idaho,2076,2076-08-29
Idaho,2076,2076-08-30
Idaho,2076,2076-08-31
Idaho,2076,2076-09-10
Idaho,2076,2076-09-11
Idaho,2076,2076-09-12
Idaho,2077,2077-07-05
Idaho,2077,2077-07-06
Idaho,2077,2077-07-14
Idaho,2077,2077-07-15
Idaho,2077,2077-07-16
Idaho,2077,2077-07-17
Idaho,2077,2077-07-21
Idaho,2077,2077-07-22
Idaho,2077,2077-07-23
Idaho,2077,2077-07-26
Idaho,2077,2077-07-27
Idaho,2077,2077-07-28
Idaho,2077,2077-07-29
Idaho,2077,2077-07-30
Idaho,2077,2077-07-31
Idaho,2077,2077-08-01
Idaho,2077,2077-08-02
Idaho,2077,2077-08-03
Idaho,2077,2077-08-04
Idaho,2077,2077-08-06
Idaho,2077,2077-08-07
Idaho,2077,2077-08-08
Idaho,2077,2077-08-14
Idaho,2077,2077-08-15
Idaho,2077,2077-08-17
Idaho,2077,2077-08-19
Idaho,2077,2077-08-20
Idaho,2077,2077-08-21
Idaho,2077,2077-08-22
Idaho,2077,2077-08-23
Idaho,2077,2077-08-24
Idaho,2077,2077-08-25
Idaho,2077,2077-08-26
Idaho,2077,2077-08-27
Idaho,2077,2077-08-30
Idaho,2077,2077-08-31
Idaho,2077,2077-09-01
Idaho,2077,2077-09-02
Idaho,2077,2077-09-08
Idaho,2077,2077-09-09
Idaho,2077,2077-09-10
Idaho,2078,2078-06-30
Idaho,2078,2078-07-01
Idaho,2078,2078-07-02
Idaho,2078,2078-07-03
Idaho,2078,2078-07-07
Idaho,2078,2078-07-08
Idaho,2078,2078-07-09
Idaho,2078,2078-07-10
Idaho,2078,2078-07-11
Idaho,2078,2078-07-13
Idaho,2078,2078-07-14
Idaho,2078,2078-07-15
Idaho,2078,2078-07-16
Idaho,2078,2078-07-17
Idaho,2078,2078-07-18
Idaho,2078,2078-07-19
Idaho,2078,2078-07-20
Idaho,2078,2078-07-21
Idaho,2078,2078-07-22
Idaho,2078,2078-07-23
Idaho,2078,2078-07-24
Idaho,2078,2078-07-25
Idaho,2078,2078-07-26
Idaho,2078,2078-07-27
Idaho,2078,2078-07-28
Idaho,2078,2078-07-29
Idaho,2078,2078-07-30
Idaho,2078,2078-08-02
Idaho,2078,2078-08-03
Idaho,2078,2078-08-04
Idaho,2078,2078-08-05
Idaho,2078,2078-08-06
Idaho,2078,2078-08-07
Idaho,2078,2078-08-08
Idaho,2078,2078-08-09
Idaho,2078,2078-08-10
Idaho,2078,2078-08-11
Idaho,2078,2078-08-12
Idaho,2078,2078-08-13
Idaho,2078,2078-08-14
Idaho,2078,2078-08-15
Idaho,2078,2078-08-16
Idaho,2078,2078-08-20
Idaho,2078,2078-08-21
Idaho,2078,2078-08-22
Idaho,2078,2078-08-23
Idaho,2078,2078-08-25
Idaho,2078,2078-08-26
Idaho,2078,2078-08-28
Idaho,2078,2078-08-29
Idaho,2078,2078-08-30
Idaho,2078,2078-08-31
Idaho,2078,2078-09-01
Idaho,2078,2078-09-02
Idaho,2078,2078-09-03
Idaho,2078,2078-09-04
Idaho,2078,2078-09-05
Idaho,2078,2078-09-06
Idaho,2078,2078-09-07
Idaho,2078,2078-09-08
Idaho,2078,2078-09-15
Idaho,2078,2078-09-16
Idaho,2078,2078-09-17
Idaho,2078,2078-09-18
Idaho,2079,2079-06-15
Idaho,2079,2079-07-06
Idaho,2079,2079-07-07
Idaho,2079,2079-07-09
Idaho,2079,2079-07-10
Idaho,2079,2079-07-11
Idaho,2079,2079-07-12
Idaho,2079,2079-07-13
Idaho,2079,2079-07-14
Idaho,2079,2079-07-19
Idaho,2079,2079-07-20
Idaho,2079,2079-07-21
Idaho,2079,2079-07-22
Idaho,2079,2079-07-23
Idaho,2079,2079-07-24
Idaho,2079,2079-07-26
Idaho,2079,2079-07-27
Idaho,2079,2079-07-28
Idaho,2079,2079-07-29
Idaho,2079,2079-07-30
Idaho,2079,2079-07-31
Idaho,2079,2079-08-01
Idaho,2079,2079-08-02
Idaho,2079,2079-08-03
Idaho,2079,2079-08-04
Idaho,2079,2079-08-05
Idaho,2079,2079-08-06
Idaho,2079,2079-08-07
Idaho,2079,2079-08-08
Idaho,2079,2079-08-09
Idaho,2079,2079-08-10
Idaho,2079,2079-08-11
Idaho,2079,2079-08-17
Idaho,2079,2079-08-18
Idaho,2079,2079-08-19
Idaho,2079,2079-08-20
Idaho,2079,2079-08-21
Idaho,2079,2079-08-22
Idaho,2079,2079-08-23
Idaho,2079,2079-08-24
Idaho,2079,2079-08-25
Idaho,2079,2079-08-26
Idaho,2079,2079-08-27
Idaho,2079,2079-08-28
Idaho,2079,2079-08-29
Idaho,2079,2079-08-30
Idaho,2080,2080-06-28
Idaho,2080,2080-06-29
Idaho,2080,2080-06-30
Idaho,2080,2080-07-01
Idaho,2080,2080-07-08
Idaho,2080,2080-07-09
Idaho,2080,2080-07-11
Idaho,2080,2080-07-12
Idaho,2080,2080-07-13
Idaho,2080,2080-07-14
Idaho,2080,2080-07-15
Idaho,2080,2080-07-16
Idaho,2080,2080-07-17
Idaho,2080,2080-07-18
Idaho,2080,2080-07-19
Idaho,2080,2080-07-20
Idaho,2080,2080-07-21
Idaho,2080,2080-07-22
Idaho,2080,2080-07-23
Idaho,2080,2080-07-24
Idaho,2080,2080-07-25
Idaho,2080,2080-07-26
Idaho,2080,2080-07-27
Idaho,2080,2080-07-28
Idaho,2080,2080-07-29
Idaho,2080,2080-07-30
Idaho,2080,2080-07-31
Idaho,2080,2080-08-01
Idaho,2080,2080-08-02
Idaho,2080,2080-08-03
Idaho,2080,2080-08-04
Idaho,2080,2080-08-05
Idaho,2080,2080-08-06
Idaho,2080,2080-08-07
Idaho,2080,2080-08-08
Idaho,2080,2080-08-09
Idaho,2080,2080-08-10
Idaho,2080,2080-08-11
Idaho,2080,2080-08-12
Idaho,2080,2080-08-13
Idaho,2080,2080-08-14
Idaho,2080,2080-08-15
Idaho,2080,2080-08-16
Idaho,2080,2080-08-17
Idaho,2080,2080-08-18
Idaho,2080,2080-08-22
Idaho,2080,2080-08-23
Idaho,2080,2080-08-24
Idaho,2080,2080-08-25
Idaho,2080,2080-08-26
Idaho,2080,2080-09-14
Idaho,2080,2080-09-15
Idaho,2080,2080-09-16
Idaho,2081,2081-05-24
Idaho,2081,2081-06-01
Idaho,2081,2081-06-21
Idaho,2081,2081-06-22
Idaho,2081,2081-06-23
Idaho,2081,2081-06-24
Idaho,2081,2081-06-29
Idaho,2081,2081-06-30
Idaho,2081,2081-07-01
Idaho,2081,2081-07-02
Idaho,2081,2081-07-03
Idaho,2081,2081-07-04
Idaho,2081,2081-07-05
Idaho,2081,2081-07-06
Idaho,2081,2081-07-07
Idaho,2081,2081-07-08
Idaho,2081,2081-07-09
Idaho,2081,2081-07-10
Idaho,2081,2081-07-11
Idaho,2081,2081-07-12
Idaho,2081,2081-07-13
Idaho,2081,2081-07-14
Idaho,2081,2081-07-15
Idaho,2081,2081-07-20
Idaho,2081,2081-07-21
Idaho,2081,2081-07-23
Idaho,2081,2081-07-24
Idaho,2081,2081-07-25
Idaho,2081,2081-07-26
Idaho,2081,2081-07-27
Idaho,2081,2081-07-28
Idaho,2081,2081-08-01
Idaho,2081,2081-08-02
Idaho,2081,2081-08-03
Idaho,2081,2081-08-04
Idaho,2081,2081-08-05
Idaho,2081,2081-08-06
Idaho,2081,2081-08-07
Idaho,2081,2081-08-08
Idaho,2081,2081-08-09
Idaho,2081,2081-08-10
Idaho,2081,2081-08-11
Idaho,2081,2081-08-12
Idaho,2081,2081-08-13
Idaho,2081,2081-08-14
Idaho,2081,2081-08-15
Idaho,2081,2081-08-16
Idaho,2081,2081-08-17
Idaho,2081,2081-08-18
Idaho,2081,2081-08-19
Idaho,2081,2081-08-20
Idaho,2081,2081-08-21
Idaho,2081,2081-08-25
Idaho,2081,2081-08-26
Idaho,2081,2081-08-27
Idaho,2081,2081-08-28
Idaho,2081,2081-08-29
Idaho,2081,2081-08-30
Idaho,2081,2081-08-31
Idaho,2081,2081-09-01
Idaho,2081,2081-09-03
Idaho,2081,2081-09-04
Idaho,2081,2081-09-05
Idaho,2081,2081-09-11
Idaho,2081,2081-09-12
Idaho,2081,2081-09-23
Idaho,2081,2081-09-24
Idaho,2081,2081-09-25
Idaho,2082,2082-06-14
Idaho,2082,2082-06-15
Idaho,2082,2082-06-16
Idaho,2082,2082-06-24
Idaho,2082,2082-06-25
Idaho,2082,2082-06-26
Idaho,2082,2082-06-27
Idaho,2082,2082-06-28
Idaho,2082,2082-07-02
Idaho,2082,2082-07-03
Idaho,2082,2082-07-04
Idaho,2082,2082-07-05
Idaho,2082,2082-07-06
Idaho,2082,2082-07-07
Idaho,2082,2082-07-08
Idaho,2082,2082-07-09
Idaho,2082,2082-07-10
Idaho,2082,2082-07-11
Idaho,2082,2082-07-12
Idaho,2082,2082-07-13
Idaho,2082,2082-07-14
Idaho,2082,2082-07-15
Idaho,2082,2082-07-16
Idaho,2082,2082-07-17
Idaho,2082,2082-07-18
Idaho,2082,2082-07-19
Idaho,2082,2082-07-20
Idaho,2082,2082-07-21
Idaho,2082,2082-07-22
Idaho,2082,2082-07-23
Idaho,2082,2082-07-24
Idaho,2082,2082-07-25
Idaho,2082,2082-07-26
Idaho,2082,2082-07-27
Idaho,2082,2082-07-29
Idaho,2082,2082-07-30
Idaho,2082,2082-07-31
Idaho,2082,2082-08-01
Idaho,2082,2082-08-02
Idaho,2082,2082-08-03
Idaho,2082,2082-08-04
Idaho,2082,2082-08-10
Idaho,2082,2082-08-11
Idaho,2082,2082-08-12
Idaho,2082,2082-08-13
Idaho,2082,2082-08-14
Idaho,2082,2082-08-15
Idaho,2082,2082-08-16
Idaho,2082,2082-08-17
Idaho,2082,2082-08-18
Idaho,2082,2082-08-19
Idaho,2082,2082-08-20
Idaho,2082,2082-09-03
Idaho,2082,2082-09-14
Idaho,2082,2082-09-15
Idaho,2083,2083-05-24
Idaho,2083,2083-05-25
Idaho,2083,2083-05-28
Idaho,2083,2083-05-29
Idaho,2083,2083-05-30
Idaho,2083,2083-06-17
Idaho,2083,2083-06-18
Idaho,2083,2083-06-19
Idaho,2083,2083-06-28
Idaho,2083,2083-06-29
Idaho,2083,2083-06-30
Idaho,2083,2083-07-01
Idaho,2083,2083-07-02
Idaho,2083,2083-07-05
Idaho,2083,2083-07-06
Idaho,2083,2083-07-07
Idaho,2083,2083-07-08
Idaho,2083,2083-07-09
Idaho,2083,2083-07-10
Idaho,2083,2083-07-11
Idaho,2083,2083-07-12
Idaho,2083,2083-07-13
Idaho,2083,2083-07-14
Idaho,2083,2083-07-15
Idaho,2083,2083-07-16
Idaho,2083,2083-07-17
Idaho,2083,2083-07-18
Idaho,2083,2083-07-19
Idaho,2083,2083-07-20
Idaho,2083,2083-07-21
Idaho,2083,2083-07-22
Idaho,2083,2083-07-23
Idaho,2083,2083-07-24
Idaho,2083,2083-07-25
Idaho,2083,2083-07-26
Idaho,2083,2083-07-27
Idaho,2083,2083-07-28
Idaho,2083,2083-07-29
Idaho,2083,2083-07-30
Idaho,2083,2083-07-31
Idaho,2083,2083-08-01
Idaho,2083,2083-08-02
Idaho,2083,2083-08-03
Idaho,2083,2083-08-04
Idaho,2083,2083-08-05
Idaho,2083,2083-08-06
Idaho,2083,2083-08-07
Idaho,2083,2083-08-08
Idaho,2083,2083-08-09
Idaho,2083,2083-08-10
Idaho,2083,2083-08-11
Idaho,2083,2083-08-12
Idaho,2083,2083-08-13
Idaho,2083,2083-08-14
Idaho,2083,2083-08-15
Idaho,2083,2083-08-16
Idaho,2083,2083-08-18
Idaho,2083,2083-08-19
Idaho,2083,2083-08-20
Idaho,2083,2083-08-21
Idaho,2083,2083-08-22
Idaho,2083,2083-08-24
Idaho,2083,2083-08-25
Idaho,2083,2083-08-26
Idaho,2083,2083-08-27
Idaho,2083,2083-08-28
Idaho,2083,2083-08-29
Idaho,2083,2083-08-31
Idaho,2083,2083-09-01
Idaho,2083,2083-09-02
Idaho,2083,2083-09-03
Idaho,2083,2083-09-04
Idaho,2083,2083-09-05
Idaho,2083,2083-09-06
Idaho,2083,2083-09-07
Idaho,2084,2084-06-22
Idaho,2084,2084-06-23
Idaho,2084,2084-06-24
Idaho,2084,2084-06-25
Idaho,2084,2084-06-29
Idaho,2084,2084-06-30
Idaho,2084,2084-07-09
Idaho,2084,2084-07-10
Idaho,2084,2084-07-11
Idaho,2084,2084-07-12
Idaho,2084,2084-07-13
Idaho,2084,2084-07-14
Idaho,2084,2084-07-15
Idaho,2084,2084-07-16
Idaho,2084,2084-07-17
Idaho,2084,2084-07-18
Idaho,2084,2084-07-19
Idaho,2084,2084-07-20
Idaho,2084,2084-07-21
Idaho,2084,2084-07-22
Idaho,2084,2084-07-23
Idaho,2084,2084-07-24
Idaho,2084,2084-07-25
Idaho,2084,2084-07-26
Idaho,2084,2084-07-27
Idaho,2084,2084-07-28
Idaho,2084,2084-07-29
Idaho,2084,2084-07-30
Idaho,2084,2084-07-31
Idaho,2084,2084-08-01
Idaho,2084,2084-08-02
Idaho,2084,2084-08-03
Idaho,2084,2084-08-04
Idaho,2084,2084-08-05
Idaho,2084,2084-08-06
Idaho,2084,2084-08-09
Idaho,2084,2084-08-10
Idaho,2084,2084-08-11
Idaho,2084,2084-08-12
Idaho,2084,2084-08-13
Idaho,2084,2084-08-14
Idaho,2084,2084-08-15
Idaho,2084,2084-08-16
Idaho,2084,2084-08-17
Idaho,2084,2084-08-21
Idaho,2084,2084-08-30
Idaho,2084,2084-08-31
Idaho,2084,2084-09-01
Idaho,2085,2085-06-20
Idaho,2085,2085-06-21
Idaho,2085,2085-06-22
Idaho,2085,2085-07-05
Idaho,2085,2085-07-06
Idaho,2085,2085-07-07
Idaho,2085,2085-07-08
Idaho,2085,2085-07-09
Idaho,2085,2085-07-11
Idaho,2085,2085-07-12
Idaho,2085,2085-07-13
Idaho,2085,2085-07-14
Idaho,2085,2085-07-15
Idaho,2085,2085-07-16
Idaho,2085,2085-07-17
Idaho,2085,2085-07-18
Idaho,2085,2085-07-19
Idaho,2085,2085-07-20
Idaho,2085,2085-07-21
Idaho,2085,2085-07-22
Idaho,2085,2085-07-23
Idaho,2085,2085-07-24
Idaho,2085,2085-07-25
Idaho,2085,2085-07-27
Idaho,2085,2085-07-28
Idaho,2085,2085-07-29
Idaho,2085,2085-07-30
Idaho,2085,2085-07-31
Idaho,2085,2085-08-01
Idaho,2085,2085-08-02
Idaho,2085,2085-08-03
Idaho,2085,2085-08-04
Idaho,2085,2085-08-05
Idaho,2085,2085-08-06
Idaho,2085,2085-08-07
Idaho,2085,2085-08-08
Idaho,2085,2085-08-09
Idaho,2085,2085-08-10
Idaho,2085,2085-08-11
Idaho,2085,2085-08-12
Idaho,2085,2085-08-15
Idaho,2085,2085-08-16
Idaho,2085,2085-08-20
Idaho,2085,2085-08-21
Idaho,2085,2085-08-22
Idaho,2085,2085-08-23
Idaho,2085,2085-08-26
Idaho,2085,2085-08-27
Idaho,2085,2085-08-28
Idaho,2085,2085-08-29
Idaho,2085,2085-09-02
Idaho,2085,2085-09-03
Idaho,2085,2085-09-07
Idaho,2085,2085-09-08
Idaho,2085,2085-09-09
Idaho,2086,2086-06-24
Idaho,2086,2086-06-25
Idaho,2086,2086-06-26
Idaho,2086,2086-06-27
Idaho,2086,2086-06-28
Idaho,2086,2086-06-29
Idaho,2086,2086-06-30
Idaho,2086,2086-07-01
Idaho,2086,2086-07-02
Idaho,2086,2086-07-03
Idaho,2086,2086-07-04
Idaho,2086,2086-07-05
Idaho,2086,2086-07-06
Idaho,2086,2086-07-07
Idaho,2086,2086-07-08
Idaho,2086,2086-07-09
Idaho,2086,2086-07-10
Idaho,2086,2086-07-11
Idaho,2086,2086-07-12
Idaho,2086,2086-07-14
Idaho,2086,2086-07-15
Idaho,2086,2086-07-16
Idaho,2086,2086-07-17
Idaho,2086,2086-07-18
Idaho,2086,2086-07-19
Idaho,2086,2086-07-20
Idaho,2086,2086-07-21
Idaho,2086,2086-07-22
Idaho,2086,2086-07-23
Idaho,2086,2086-07-24
Idaho,2086,2086-07-25
Idaho,2086,2086-07-26
Idaho,2086,2086-07-27
Idaho,2086,2086-07-28
Idaho,2086,2086-07-29
Idaho,2086,2086-07-30
Idaho,2086,2086-08-03
Idaho,2086,2086-08-04
Idaho,2086,2086-08-05
Idaho,2086,2086-08-06
Idaho,2086,2086-08-07
Idaho,2086,2086-08-08
Idaho,2086,2086-08-09
Idaho,2086,2086-08-10
Idaho,2086,2086-08-11
Idaho,2086,2086-08-14
Idaho,2086,2086-08-15
Idaho,2086,2086-08-16
Idaho,2086,2086-08-19
Idaho,2086,2086-08-20
Idaho,2086,2086-08-21
Idaho,2086,2086-08-22
Idaho,2086,2086-08-23
Idaho,2086,2086-08-24
Idaho,2086,2086-08-27
Idaho,2086,2086-08-28
Idaho,2086,2086-08-29
Idaho,2086,2086-08-30
Idaho,2086,2086-09-02
Idaho,2086,2086-09-03
Idaho,2086,2086-09-04
Idaho,2086,2086-09-05
Idaho,2086,2086-09-06
Idaho,2086,2086-09-07
Idaho,2086,2086-09-12
Idaho,2086,2086-09-13
Idaho,2087,2087-06-03
Idaho,2087,2087-06-04
Idaho,2087,2087-06-19
Idaho,2087,2087-06-20
Idaho,2087,2087-06-21
Idaho,2087,2087-06-22
Idaho,2087,2087-06-23
Idaho,2087,2087-06-27
Idaho,2087,2087-06-28
Idaho,2087,2087-06-29
Idaho,2087,2087-07-01
Idaho,2087,2087-07-02
Idaho,2087,2087-07-03
Idaho,2087,2087-07-04
Idaho,2087,2087-07-05
Idaho,2087,2087-07-06
Idaho,2087,2087-07-07
Idaho,2087,2087-07-08
Idaho,2087,2087-07-09
Idaho,2087,2087-07-10
Idaho,2087,2087-07-11
Idaho,2087,2087-07-12
Idaho,2087,2087-07-13
Idaho,2087,2087-07-14
Idaho,2087,2087-07-15
Idaho,2087,2087-07-16
Idaho,2087,2087-07-17
Idaho,2087,2087-07-18
Idaho,2087,2087-07-19
Idaho,2087,2087-07-20
Idaho,2087,2087-07-21
Idaho,2087,2087-07-22
Idaho,2087,2087-07-23
Idaho,2087,2087-07-24
Idaho,2087,2087-07-25
Idaho,2087,2087-07-26
Idaho,2087,2087-07-27
Idaho,2087,2087-07-28
Idaho,2087,2087-07-29
Idaho,2087,2087-07-30
Idaho,2087,2087-07-31
Idaho,2087,2087-08-01
Idaho,2087,2087-08-02
Idaho,2087,2087-08-03
Idaho,2087,2087-08-04
Idaho,2087,2087-08-05
Idaho,2087,2087-08-06
Idaho,2087,2087-08-07
Idaho,2087,2087-08-09
Idaho,2087,2087-08-11
Idaho,2087,2087-08-12
Idaho,2087,2087-08-13
Idaho,2087,2087-08-14
Idaho,2087,2087-08-15
Idaho,2087,2087-08-16
Idaho,2087,2087-08-17
Idaho,2087,2087-08-18
Idaho,2087,2087-08-19
Idaho,2087,2087-08-25
Idaho,2087,2087-08-26
Idaho,2087,2087-08-29
Idaho,2087,2087-08-30
Idaho,2087,2087-08-31
Idaho,2087,2087-09-01
Idaho,2087,2087-09-02
Idaho,2087,2087-09-03
Idaho,2087,2087-09-04
Idaho,2087,2087-09-13
Idaho,2088,2088-06-20
Idaho,2088,2088-06-21
Idaho,2088,2088-06-22
Idaho,2088,2088-06-28
Idaho,2088,2088-06-29
Idaho,2088,2088-06-30
Idaho,2088,2088-07-01
Idaho,2088,2088-07-02
Idaho,2088,2088-07-03
Idaho,2088,2088-07-04
Idaho,2088,2088-07-05
Idaho,2088,2088-07-07
Idaho,2088,2088-07-08
Idaho,2088,2088-07-09
Idaho,2088,2088-07-10
Idaho,2088,2088-07-11
Idaho,2088,2088-07-12
Idaho,2088,2088-07-13
Idaho,2088,2088-07-14
Idaho,2088,2088-07-15
Idaho,2088,2088-07-16
Idaho,2088,2088-07-17
Idaho,2088,2088-07-18
Idaho,2088,2088-07-19
Idaho,2088,2088-07-20
Idaho,2088,2088-07-21
Idaho,2088,2088-07-22
Idaho,2088,2088-07-23
Idaho,2088,2088-07-24
Idaho,2088,2088-07-25
Idaho,2088,2088-07-26
Idaho,2088,2088-07-27
Idaho,2088,2088-07-28
Idaho,2088,2088-07-29
Idaho,2088,2088-07-30
Idaho,2088,2088-07-31
Idaho,2088,2088-08-01
Idaho,2088,2088-08-02
Idaho,2088,2088-08-03
Idaho,2088,2088-08-04
Idaho,2088,2088-08-05
Idaho,2088,2088-08-06
Idaho,2088,2088-08-07
Idaho,2088,2088-08-08
Idaho,2088,2088-08-09
Idaho,2088,2088-08-10
Idaho,2088,2088-08-12
Idaho,2088,2088-08-13
Idaho,2088,2088-08-14
Idaho,2088,2088-08-15
Idaho,2088,2088-08-16
Idaho,2088,2088-08-17
Idaho,2088,2088-08-18
Idaho,2088,2088-08-19
Idaho,2088,2088-08-23
Idaho,2088,2088-08-24
Idaho,2088,2088-08-25
Idaho,2088,2088-08-29
Idaho,2088,2088-08-30
Idaho,2088,2088-09-16
Idaho,2088,2088-09-17
Idaho,2088,2088-09-18
Idaho,2088,2088-09-19
Idaho,2089,2089-06-24
Idaho,2089,2089-06-25
Idaho,2089,2089-06-28
Idaho,2089,2089-06-29
Idaho,2089,2089-06-30
Idaho,2089,2089-07-01
Idaho,2089,2089-07-02
Idaho,2089,2089-07-03
Idaho,2089,2089-07-04
Idaho,2089,2089-07-05
Idaho,2089,2089-07-06
Idaho,2089,2089-07-10
Idaho,2089,2089-07-11
Idaho,2089,2089-07-12
Idaho,2089,2089-07-13
Idaho,2089,2089-07-15
Idaho,2089,2089-07-16
Idaho,2089,2089-07-17
Idaho,2089,2089-07-18
Idaho,2089,2089-07-19
Idaho,2089,2089-07-20
Idaho,2089,2089-07-21
Idaho,2089,2089-07-22
Idaho,2089,2089-07-23
Idaho,2089,2089-07-24
Idaho,2089,2089-07-25
Idaho,2089,2089-07-26
Idaho,2089,2089-07-27
Idaho,2089,2089-07-28
Idaho,2089,2089-07-29
Idaho,2089,2089-07-30
Idaho,2089,2089-07-31
Idaho,2089,2089-08-01
Idaho,2089,2089-08-02
Idaho,2089,2089-08-03
Idaho,2089,2089-08-04
Idaho,2089,2089-08-05
Idaho,2089,2089-08-06
Idaho,2089,2089-08-11
Idaho,2089,2089-08-12
Idaho,2089,2089-08-13
Idaho,2089,2089-08-19
Idaho,2089,2089-08-20
Idaho,2089,2089-08-21
Idaho,2089,2089-08-22
Idaho,2089,2089-08-23
Idaho,2089,2089-08-25
Idaho,2089,2089-08-26
Idaho,2089,2089-08-27
Idaho,2089,2089-08-28
Idaho,2089,2089-08-29
Idaho,2089,2089-09-01
Idaho,2089,2089-09-02
Idaho,2089,2089-09-03
Idaho,2089,2089-09-04
Idaho,2089,2089-09-05
Idaho,2089,2089-09-06
Idaho,2089,2089-09-11
Idaho,2089,2089-09-12
Idaho,2089,2089-09-13
Idaho,2089,2089-09-16
Idaho,2089,2089-09-24
Idaho,2089,2089-09-25
Idaho,2090,2090-06-28
Idaho,2090,2090-06-29
Idaho,2090,2090-06-30
Idaho,2090,2090-07-08
Idaho,2090,2090-07-09
Idaho,2090,2090-07-10
Idaho,2090,2090-07-11
Idaho,2090,2090-07-12
Idaho,2090,2090-07-13
Idaho,2090,2090-07-15
Idaho,2090,2090-07-16
Idaho,2090,2090-07-17
Idaho,2090,2090-07-18
Idaho,2090,2090-07-19
Idaho,2090,2090-07-20
Idaho,2090,2090-07-21
Idaho,2090,2090-07-22
Idaho,2090,2090-07-23
Idaho,2090,2090-07-24
Idaho,2090,2090-07-25
Idaho,2090,2090-07-26
Idaho,2090,2090-07-27
Idaho,2090,2090-07-28
Idaho,2090,2090-07-29
Idaho,2090,2090-07-30
Idaho,2090,2090-07-31
Idaho,2090,2090-08-01
Idaho,2090,2090-08-02
Idaho,2090,2090-08-03
Idaho,2090,2090-08-04
Idaho,2090,2090-08-05
Idaho,2090,2090-08-06
Idaho,2090,2090-08-07
Idaho,2090,2090-08-08
Idaho,2090,2090-08-09
Idaho,2090,2090-08-10
Idaho,2090,2090-08-11
Idaho,2090,2090-08-15
Idaho,2090,2090-08-16
Idaho,2090,2090-08-17
Idaho,2090,2090-08-18
Idaho,2090,2090-08-19
Idaho,2090,2090-08-20
Idaho,2090,2090-08-21
Idaho,2090,2090-08-22
Idaho,2090,2090-08-25
Idaho,2090,2090-08-26
Idaho,2090,2090-08-27
Idaho,2090,2090-09-03
Idaho,2090,2090-09-04
Idaho,2090,2090-09-28
Idaho,2090,2090-10-01
Idaho,2090,2090-10-02
Idaho,2090,2090-10-03
Idaho,2091,2091-06-22
Idaho,2091,2091-06-23
Idaho,2091,2091-06-28
Idaho,2091,2091-06-29
Idaho,2091,2091-07-02
Idaho,2091,2091-07-03
Idaho,2091,2091-07-04
Idaho,2091,2091-07-05
Idaho,2091,2091-07-06
Idaho,2091,2091-07-07
Idaho,2091,2091-07-08
Idaho,2091,2091-07-10
Idaho,2091,2091-07-11
Idaho,2091,2091-07-12
Idaho,2091,2091-07-13
Idaho,2091,2091-07-16
Idaho,2091,2091-07-17
Idaho,2091,2091-07-18
Idaho,2091,2091-07-19
Idaho,2091,2091-07-24
Idaho,2091,2091-07-25
Idaho,2091,2091-07-26
Idaho,2091,2091-07-28
Idaho,2091,2091-07-29
Idaho,2091,2091-07-30
Idaho,2091,2091-07-31
Idaho,2091,2091-08-01
Idaho,2091,2091-08-02
Idaho,2091,2091-08-03
Idaho,2091,2091-08-04
Idaho,2091,2091-08-05
Idaho,2091,2091-08-06
Idaho,2091,2091-08-07
Idaho,2091,2091-08-08
Idaho,2091,2091-08-09
Idaho,2091,2091-08-10
Idaho,2091,2091-08-11
Idaho,2091,2091-08-12
Idaho,2091,2091-08-13
Idaho,2091,2091-08-14
Idaho,2091,2091-08-15
Idaho,2091,2091-08-17
Idaho,2091,2091-08-18
Idaho,2091,2091-08-19
Idaho,2091,2091-08-20
Idaho,2091,2091-08-21
Idaho,2091,2091-08-22
Idaho,2091,2091-08-23
Idaho,2091,2091-08-24
Idaho,2091,2091-08-25
Idaho,2091,2091-08-26
Idaho,2091,2091-08-27
Idaho,2091,2091-08-28
Idaho,2091,2091-08-29
Idaho,2091,2091-08-30
Idaho,2091,2091-08-31
Idaho,2091,2091-09-04
Idaho,2091,2091-09-05
Idaho,2091,2091-09-06
Idaho,2091,2091-09-07
Idaho,2091,2091-09-08
Idaho,2091,2091-09-09
Idaho,2091,2091-09-10
Idaho,2091,2091-09-11
Idaho,2091,2091-09-24
Idaho,2091,2091-09-25
Idaho,2091,2091-09-30
Idaho,2092,2092-06-21
Idaho,2092,2092-06-22
Idaho,2092,2092-06-23
Idaho,2092,2092-06-28
Idaho,2092,2092-06-29
Idaho,2092,2092-06-30
Idaho,2092,2092-07-01
Idaho,2092,2092-07-02
Idaho,2092,2092-07-03
Idaho,2092,2092-07-06
Idaho,2092,2092-07-07
Idaho,2092,2092-07-08
Idaho,2092,2092-07-09
Idaho,2092,2092-07-10
Idaho,2092,2092-07-11
Idaho,2092,2092-07-12
Idaho,2092,2092-07-13
Idaho,2092,2092-07-14
Idaho,2092,2092-07-15
Idaho,2092,2092-07-16
Idaho,2092,2092-07-17
Idaho,2092,2092-07-18
Idaho,2092,2092-07-19
Idaho,2092,2092-07-20
Idaho,2092,2092-07-21
Idaho,2092,2092-07-22
Idaho,2092,2092-07-23
Idaho,2092,2092-07-24
Idaho,2092,2092-07-25
Idaho,2092,2092-07-26
Idaho,2092,2092-07-27
Idaho,2092,2092-07-28
Idaho,2092,2092-07-29
Idaho,2092,2092-07-30
Idaho,2092,2092-07-31
Idaho,2092,2092-08-01
Idaho,2092,2092-08-02
Idaho,2092,2092-08-03
Idaho,2092,2092-08-04
Idaho,2092,2092-08-05
Idaho,2092,2092-08-06
Idaho,2092,2092-08-07
Idaho,2092,2092-08-08
Idaho,2092,2092-08-09
Idaho,2092,2092-08-10
Idaho,2092,2092-08-11
Idaho,2092,2092-08-12
Idaho,2092,2092-08-13
Idaho,2092,2092-08-14
Idaho,2092,2092-08-15
Idaho,2092,2092-08-16
Idaho,2092,2092-08-17
Idaho,2092,2092-08-18
Idaho,2092,2092-08-19
Idaho,2092,2092-08-20
Idaho,2092,2092-08-21
Idaho,2092,2092-08-22
Idaho,2092,2092-08-23
Idaho,2092,2092-08-24
Idaho,2092,2092-08-25
Idaho,2092,2092-08-26
Idaho,2092,2092-08-27
Idaho,2092,2092-08-28
Idaho,2092,2092-08-29
Idaho,2092,2092-08-30
Idaho,2092,2092-08-31
Idaho,2092,2092-09-01
Idaho,2092,2092-09-08
Idaho,2092,2092-09-09
Idaho,2092,2092-09-10
Idaho,2092,2092-09-14
Idaho,2092,2092-09-15
Idaho,2092,2092-09-22
Idaho,2093,2093-06-09
Idaho,2093,2093-06-16
Idaho,2093,2093-06-17
Idaho,2093,2093-06-18
Idaho,2093,2093-06-27
Idaho,2093,2093-06-28
Idaho,2093,2093-06-29
Idaho,2093,2093-06-30
Idaho,2093,2093-07-01
Idaho,2093,2093-07-02
Idaho,2093,2093-07-03
Idaho,2093,2093-07-04
Idaho,2093,2093-07-05
Idaho,2093,2093-07-06
Idaho,2093,2093-07-07
Idaho,2093,2093-07-08
Idaho,2093,2093-07-09
Idaho,2093,2093-07-10
Idaho,2093,2093-07-11
Idaho,2093,2093-07-12
Idaho,2093,2093-07-13
Idaho,2093,2093-07-14
Idaho,2093,2093-07-15
Idaho,2093,2093-07-16
Idaho,2093,2093-07-17
Idaho,2093,2093-07-18
Idaho,2093,2093-07-19
Idaho,2093,2093-07-20
Idaho,2093,2093-07-21
Idaho,2093,2093-07-22
Idaho,2093,2093-07-23
Idaho,2093,2093-07-24
Idaho,2093,2093-07-25
Idaho,2093,2093-07-26
Idaho,2093,2093-07-27
Idaho,2093,2093-07-28
Idaho,2093,2093-07-29
Idaho,2093,2093-07-30
Idaho,2093,2093-07-31
Idaho,2093,2093-08-01
Idaho,2093,2093-08-02
Idaho,2093,2093-08-03
Idaho,2093,2093-08-04
Idaho,2093,2093-08-05
Idaho,2093,2093-08-06
Idaho,2093,2093-08-07
Idaho,2093,2093-08-08
Idaho,2093,2093-08-09
Idaho,2093,2093-08-10
Idaho,2093,2093-08-11
Idaho,2093,2093-08-12
Idaho,2093,2093-08-13
Idaho,2093,2093-08-14
Idaho,2093,2093-08-15
Idaho,2093,2093-08-16
Idaho,2093,2093-08-17
Idaho,2093,2093-08-18
Idaho,2093,2093-08-19
Idaho,2093,2093-08-20
Idaho,2093,2093-08-21
Idaho,2093,2093-08-22
Idaho,2093,2093-08-23
Idaho,2093,2093-08-24
Idaho,2093,2093-08-25
Idaho,2093,2093-08-26
Idaho,2093,2093-08-27
Idaho,2093,2093-08-28
Idaho,2093,2093-08-29
Idaho,2093,2093-08-30
Idaho,2093,2093-08-31
Idaho,2093,2093-09-01
Idaho,2093,2093-09-02
Idaho,2093,2093-09-03
Idaho,2093,2093-09-04
Idaho,2093,2093-09-05
Idaho,2093,2093-09-06
Idaho,2093,2093-09-10
Idaho,2093,2093-09-11
Idaho,2093,2093-09-12
Idaho,2094,2094-06-12
Idaho,2094,2094-06-13
Idaho,2094,2094-07-01
Idaho,2094,2094-07-02
Idaho,2094,2094-07-03
Idaho,2094,2094-07-04
Idaho,2094,2094-07-05
Idaho,2094,2094-07-06
Idaho,2094,2094-07-07
Idaho,2094,2094-07-08
Idaho,2094,2094-07-09
Idaho,2094,2094-07-10
Idaho,2094,2094-07-11
Idaho,2094,2094-07-12
Idaho,2094,2094-07-13
Idaho,2094,2094-07-14
Idaho,2094,2094-07-15
Idaho,2094,2094-07-16
Idaho,2094,2094-07-17
Idaho,2094,2094-07-18
Idaho,2094,2094-07-19
Idaho,2094,2094-07-20
Idaho,2094,2094-07-21
Idaho,2094,2094-07-22
Idaho,2094,2094-07-23
Idaho,2094,2094-07-24
Idaho,2094,2094-07-26
Idaho,2094,2094-07-27
Idaho,2094,2094-07-28
Idaho,2094,2094-07-29
Idaho,2094,2094-07-30
Idaho,2094,2094-07-31
Idaho,2094,2094-08-01
Idaho,2094,2094-08-02
Idaho,2094,2094-08-03
Idaho,2094,2094-08-04
Idaho,2094,2094-08-05
Idaho,2094,2094-08-06
Idaho,2094,2094-08-07
Idaho,2094,2094-08-08
Idaho,2094,2094-08-09
Idaho,2094,2094-08-10
Idaho,2094,2094-08-11
Idaho,2094,2094-08-12
Idaho,2094,2094-08-13
Idaho,2094,2094-08-14
Idaho,2094,2094-08-16
Idaho,2094,2094-08-17
Idaho,2094,2094-08-18
Idaho,2094,2094-08-19
Idaho,2094,2094-08-20
Idaho,2094,2094-08-28
Idaho,2094,2094-08-29
Idaho,2094,2094-09-07
Idaho,2094,2094-09-08
Idaho,2094,2094-09-15
Idaho,2094,2094-09-16
Idaho,2094,2094-09-17
Idaho,2094,2094-09-18
Idaho,2095,2095-06-08
Idaho,2095,2095-06-09
Idaho,2095,2095-06-10
Idaho,2095,2095-06-15
Idaho,2095,2095-06-16
Idaho,2095,2095-06-17
Idaho,2095,2095-06-18
Idaho,2095,2095-06-19
Idaho,2095,2095-06-21
Idaho,2095,2095-06-22
Idaho,2095,2095-06-23
Idaho,2095,2095-06-24
Idaho,2095,2095-06-25
Idaho,2095,2095-06-26
Idaho,2095,2095-06-27
Idaho,2095,2095-06-28
Idaho,2095,2095-06-29
Idaho,2095,2095-06-30
Idaho,2095,2095-07-01
Idaho,2095,2095-07-02
Idaho,2095,2095-07-03
Idaho,2095,2095-07-04
Idaho,2095,2095-07-05
Idaho,2095,2095-07-06
Idaho,2095,2095-07-07
Idaho,2095,2095-07-09
Idaho,2095,2095-07-10
Idaho,2095,2095-07-12
Idaho,2095,2095-07-13
Idaho,2095,2095-07-14
Idaho,2095,2095-07-15
Idaho,2095,2095-07-16
Idaho,2095,2095-07-19
Idaho,2095,2095-07-20
Idaho,2095,2095-07-21
Idaho,2095,2095-07-22
Idaho,2095,2095-07-23
Idaho,2095,2095-07-24
Idaho,2095,2095-07-25
Idaho,2095,2095-07-26
Idaho,2095,2095-07-29
Idaho,2095,2095-07-30
Idaho,2095,2095-07-31
Idaho,2095,2095-08-01
Idaho,2095,2095-08-02
Idaho,2095,2095-08-03
Idaho,2095,2095-08-04
Idaho,2095,2095-08-05
Idaho,2095,2095-08-07
Idaho,2095,2095-08-09
Idaho,2095,2095-08-10
Idaho,2095,2095-08-11
Idaho,2095,2095-08-12
Idaho,2095,2095-08-13
Idaho,2095,2095-08-14
Idaho,2095,2095-08-15
Idaho,2095,2095-08-17
Idaho,2095,2095-08-19
Idaho,2095,2095-08-20
Idaho,2095,2095-08-21
Idaho,2095,2095-08-23
Idaho,2095,2095-08-24
Idaho,2095,2095-08-25
Idaho,2095,2095-08-26
Idaho,2095,2095-08-27
Idaho,2095,2095-08-28
Idaho,2095,2095-08-29
Idaho,2095,2095-09-10
Idaho,2095,2095-09-11
Idaho,2095,2095-09-12
Idaho,2095,2095-09-13
Idaho,2095,2095-09-25
Idaho,2096,2096-06-05
Idaho,2096,2096-06-06
Idaho,2096,2096-06-07
Idaho,2096,2096-06-08
Idaho,2096,2096-06-09
Idaho,2096,2096-06-20
Idaho,2096,2096-06-21
Idaho,2096,2096-06-22
Idaho,2096,2096-06-23
Idaho,2096,2096-06-26
Idaho,2096,2096-06-27
Idaho,2096,2096-06-28
Idaho,2096,2096-06-29
Idaho,2096,2096-06-30
Idaho,2096,2096-07-01
Idaho,2096,2096-07-02
Idaho,2096,2096-07-03
Idaho,2096,2096-07-04
Idaho,2096,2096-07-14
Idaho,2096,2096-07-15
Idaho,2096,2096-07-16
Idaho,2096,2096-07-17
Idaho,2096,2096-07-18
Idaho,2096,2096-07-19
Idaho,2096,2096-07-20
Idaho,2096,2096-07-21
Idaho,2096,2096-07-22
Idaho,2096,2096-07-23
Idaho,2096,2096-07-24
Idaho,2096,2096-07-25
Idaho,2096,2096-07-26
Idaho,2096,2096-07-27
Idaho,2096,2096-07-28
Idaho,2096,2096-07-29
Idaho,2096,2096-07-30
Idaho,2096,2096-07-31
Idaho,2096,2096-08-01
Idaho,2096,2096-08-02
Idaho,2096,2096-08-03
Idaho,2096,2096-08-04
Idaho,2096,2096-08-05
Idaho,2096,2096-08-06
Idaho,2096,2096-08-07
Idaho,2096,2096-08-08
Idaho,2096,2096-08-12
Idaho,2096,2096-08-13
Idaho,2096,2096-08-14
Idaho,2096,2096-08-15
Idaho,2096,2096-08-16
Idaho,2096,2096-08-17
Idaho,2096,2096-08-18
Idaho,2096,2096-08-19
Idaho,2096,2096-08-20
Idaho,2096,2096-08-21
Idaho,2096,2096-08-22
Idaho,2096,2096-08-28
Idaho,2096,2096-08-29
Idaho,2096,2096-08-30
Idaho,2096,2096-08-31
Idaho,2096,2096-09-01
Idaho,2097,2097-06-07
Idaho,2097,2097-06-08
Idaho,2097,2097-06-19
Idaho,2097,2097-06-20
Idaho,2097,2097-06-21
Idaho,2097,2097-06-25
Idaho,2097,2097-06-26
Idaho,2097,2097-06-27
Idaho,2097,2097-07-01
Idaho,2097,2097-07-02
Idaho,2097,2097-07-03
Idaho,2097,2097-07-04
Idaho,2097,2097-07-05
Idaho,2097,2097-07-06
Idaho,2097,2097-07-07
Idaho,2097,2097-07-08
Idaho,2097,2097-07-09
Idaho,2097,2097-07-10
Idaho,2097,2097-07-11
Idaho,2097,2097-07-12
Idaho,2097,2097-07-13
Idaho,2097,2097-07-14
Idaho,2097,2097-07-15
Idaho,2097,2097-07-16
Idaho,2097,2097-07-17
Idaho,2097,2097-07-18
Idaho,2097,2097-07-19
Idaho,2097,2097-07-20
Idaho,2097,2097-07-21
Idaho,2097,2097-07-22
Idaho,2097,2097-07-23
Idaho,2097,2097-07-24
Idaho,2097,2097-07-25
Idaho,2097,2097-07-26
Idaho,2097,2097-07-27
Idaho,2097,2097-07-28
Idaho,2097,2097-07-29
Idaho,2097,2097-07-30
Idaho,2097,2097-07-31
Idaho,2097,2097-08-01
Idaho,2097,2097-08-02
Idaho,2097,2097-08-03
Idaho,2097,2097-08-04
Idaho,2097,2097-08-05
Idaho,2097,2097-08-06
Idaho,2097,2097-08-07
Idaho,2097,2097-08-08
Idaho,2097,2097-08-09
Idaho,2097,2097-08-10
Idaho,2097,2097-08-11
Idaho,2097,2097-08-12
Idaho,2097,2097-08-13
Idaho,2097,2097-08-16
Idaho,2097,2097-08-17
Idaho,2097,2097-08-18
Idaho,2097,2097-08-19
Idaho,2097,2097-08-21
Idaho,2097,2097-08-22
Idaho,2097,2097-08-23
Idaho,2097,2097-08-24
Idaho,2097,2097-08-25
Idaho,2097,2097-08-26
Idaho,2097,2097-08-27
Idaho,2097,2097-08-28
Idaho,2097,2097-08-29
Idaho,2097,2097-08-30
Idaho,2097,2097-08-31
Idaho,2097,2097-09-01
Idaho,2097,2097-09-02
Idaho,2097,2097-09-03
Idaho,2097,2097-09-04
Idaho,2097,2097-09-05
Idaho,2097,2097-09-06
Idaho,2097,2097-09-07
Idaho,2097,2097-09-08
Idaho,2097,2097-09-09
Idaho,2097,2097-09-11
Idaho,2097,2097-09-12
Idaho,2097,2097-09-13
Idaho,2098,2098-06-25
Idaho,2098,2098-06-26
Idaho,2098,2098-06-27
Idaho,2098,2098-06-28
Idaho,2098,2098-07-04
Idaho,2098,2098-07-05
Idaho,2098,2098-07-06
Idaho,2098,2098-07-07
Idaho,2098,2098-07-08
Idaho,2098,2098-07-09
Idaho,2098,2098-07-10
Idaho,2098,2098-07-11
Idaho,2098,2098-07-12
Idaho,2098,2098-07-13
Idaho,2098,2098-07-14
Idaho,2098,2098-07-15
Idaho,2098,2098-07-16
Idaho,2098,2098-07-17
Idaho,2098,2098-07-18
Idaho,2098,2098-07-19
Idaho,2098,2098-07-20
Idaho,2098,2098-07-21
Idaho,2098,2098-07-22
Idaho,2098,2098-07-23
Idaho,2098,2098-07-24
Idaho,2098,2098-07-25
Idaho,2098,2098-07-26
Idaho,2098,2098-07-27
Idaho,2098,2098-07-28
Idaho,2098,2098-07-29
Idaho,2098,2098-07-30
Idaho,2098,2098-07-31
Idaho,2098,2098-08-01
Idaho,2098,2098-08-02
Idaho,2098,2098-08-03
Idaho,2098,2098-08-05
Idaho,2098,2098-08-06
Idaho,2098,2098-08-07
Idaho,2098,2098-08-08
Idaho,2098,2098-08-09
Idaho,2098,2098-08-10
Idaho,2098,2098-08-11
Idaho,2098,2098-08-12
Idaho,2098,2098-08-13
Idaho,2098,2098-08-14
Idaho,2098,2098-08-15
Idaho,2098,2098-08-16
Idaho,2098,2098-08-17
Idaho,2098,2098-08-18
Idaho,2098,2098-08-19
Idaho,2098,2098-08-20
Idaho,2098,2098-08-21
Idaho,2098,2098-08-22
Idaho,2098,2098-08-23
Idaho,2098,2098-08-24
Idaho,2098,2098-08-30
Idaho,2098,2098-09-05
Idaho,2098,2098-09-06
Idaho,2098,2098-09-07
Idaho,2098,2098-09-08
Idaho,2099,2099-06-30
Idaho,2099,2099-07-01
Idaho,2099,2099-07-02
Idaho,2099,2099-07-06
Idaho,2099,2099-07-07
Idaho,2099,2099-07-11
Idaho,2099,2099-07-12
Idaho,2099,2099-07-13
Idaho,2099,2099-07-14
Idaho,2099,2099-07-15
Idaho,2099,2099-07-21
Idaho,2099,2099-07-22
Idaho,2099,2099-07-23
Idaho,2099,2099-07-24
Idaho,2099,2099-07-25
Idaho,2099,2099-07-26
Idaho,2099,2099-07-27
Idaho,2099,2099-07-28
Idaho,2099,2099-07-29
Idaho,2099,2099-07-30
Idaho,2099,2099-07-31
Idaho,2099,2099-08-01
Idaho,2099,2099-08-02
Idaho,2099,2099-08-03
Idaho,2099,2099-08-04
Idaho,2099,2099-08-05
Idaho,2099,2099-08-06
Idaho,2099,2099-08-07
Idaho,2099,2099-08-08
Idaho,2099,2099-08-09
Idaho,2099,2099-08-10
Idaho,2099,2099-08-11
Idaho,2099,2099-08-13
Idaho,2099,2099-08-14
Idaho,2099,2099-08-15
Idaho,2099,2099-08-16
Idaho,2099,2099-08-18
Idaho,2099,2099-08-19
Idaho,2099,2099-08-20
Idaho,2099,2099-08-21
Idaho,2099,2099-08-22
Idaho,2099,2099-08-24
Idaho,2099,2099-08-25
Idaho,2099,2099-08-27
Idaho,2099,2099-08-28
Idaho,2099,2099-08-29
Idaho,2099,2099-08-30
Idaho,2099,2099-08-31
Idaho,2099,2099-09-01
Idaho,2099,2099-09-02
Idaho,2099,2099-09-03
Idaho,2099,2099-09-04
Idaho,2099,2099-09-05
Idaho,2099,2099-09-06
Idaho,2099,2099-09-07
Idaho,2099,2099-09-15
