rb,Year,Date
p134,2021,2021-02-12
p134,2022,2022-01-10
p134,2022,2022-01-11
p134,2022,2022-01-16
p134,2022,2022-01-17
p134,2022,2022-02-10
p134,2023,2023-12-24
p134,2023,2023-12-25
p134,2023,2023-12-30
p134,2024,2024-01-20
p134,2024,2024-01-21
p134,2025,2025-01-20
p134,2025,2025-01-21
p134,2029,2029-12-22
p134,2029,2029-12-23
p134,2034,2034-01-18
p134,2034,2034-01-19
p134,2037,2037-01-17
p134,2039,2039-01-05
p134,2039,2039-01-10
p134,2039,2039-01-11
p134,2051,2051-02-10
p134,2054,2054-01-06
p134,2054,2054-01-07
p134,2054,2054-01-28
p134,2054,2054-02-07
p134,2054,2054-02-11
p134,2059,2059-01-30
p134,2062,2062-01-10
p134,2062,2062-01-17
p134,2062,2062-02-10
p134,2063,2063-12-24
p134,2063,2063-12-25
p134,2065,2065-01-20
p134,2069,2069-12-22
p134,2074,2074-01-18
p134,2074,2074-01-19
p134,2079,2079-01-05
p134,2094,2094-01-06
p134,2094,2094-01-07
p134,2094,2094-01-28
